Date,Open,High,Low,Close,Adj Close,Volume
11/9/2017,0.001207,0.001415,0.001181,0.001415,0.001415,6259550.00
11/10/2017,0.001421,0.001431,0.001125,0.001163,0.001163,4246520.00
11/11/2017,0.001146,0.001257,0.001141,0.001201,0.001201,2231080.00
11/12/2017,0.001189,0.00121,0.001002,0.001038,0.001038,3288960.00
11/13/2017,0.001046,0.001212,0.001019,0.001211,0.001211,2481270.00
11/14/2017,0.001201,0.001239,0.001131,0.001184,0.001184,2660340.00
11/15/2017,0.001189,0.001351,0.001179,0.001339,0.001339,2840180.00
11/16/2017,0.001348,0.001424,0.001286,0.00139,0.00139,3423010.00
11/17/2017,0.001381,0.001394,0.001274,0.001313,0.001313,2787480.00
11/18/2017,0.001308,0.001385,0.001254,0.001373,0.001373,1648260.00
11/19/2017,0.001355,0.001421,0.00134,0.001376,0.001376,1431720.00
11/20/2017,0.001374,0.001428,0.001348,0.001394,0.001394,2141360.00
11/21/2017,0.00141,0.001446,0.001302,0.001389,0.001389,3047660.00
11/22/2017,0.001401,0.002053,0.001373,0.001823,0.001823,18841700.00
11/23/2017,0.001819,0.002246,0.001819,0.001891,0.001891,26126500.00
11/24/2017,0.00194,0.001978,0.001788,0.001908,0.001908,9585960.00
11/25/2017,0.001923,0.002072,0.001877,0.002072,0.002072,5430930.00
11/26/2017,0.002073,0.002132,0.00188,0.002026,0.002026,7670430.00
11/27/2017,0.001999,0.002036,0.001891,0.001988,0.001988,6185790.00
11/28/2017,0.001991,0.002363,0.001949,0.002363,0.002363,8317540.00
11/29/2017,0.002333,0.002581,0.001993,0.00208,0.00208,11077200.00
11/30/2017,0.002048,0.002271,0.00189,0.002079,0.002079,4919490.00
12/1/2017,0.002051,0.002237,0.001971,0.002148,0.002148,5258110.00
12/2/2017,0.002122,0.002212,0.002017,0.002149,0.002149,4978180.00
12/3/2017,0.002092,0.00234,0.002071,0.002223,0.002223,4751640.00
12/4/2017,0.002206,0.002475,0.002178,0.002463,0.002463,6307150.00
12/5/2017,0.002474,0.002676,0.002426,0.002479,0.002479,8772420.00
12/6/2017,0.002495,0.002663,0.00244,0.002663,0.002663,9047960.00
12/7/2017,0.002581,0.002858,0.002515,0.00272,0.00272,15759300.00
12/8/2017,0.00273,0.002846,0.002326,0.002779,0.002779,11797600.00
12/9/2017,0.002772,0.002846,0.002425,0.002617,0.002617,6564530.00
12/10/2017,0.002607,0.002742,0.002307,0.002547,0.002547,5614920.00
12/11/2017,0.002563,0.002894,0.002534,0.002798,0.002798,7017140.00
12/12/2017,0.002794,0.003381,0.002665,0.003304,0.003304,19228600.00
12/13/2017,0.003306,0.003884,0.003218,0.003461,0.003461,31150900.00
12/14/2017,0.003449,0.003718,0.003419,0.003709,0.003709,23426200.00
12/15/2017,0.00367,0.003809,0.003483,0.003762,0.003762,19043800.00
12/16/2017,0.003767,0.006251,0.003638,0.005933,0.005933,136352992.00
12/17/2017,0.005917,0.007628,0.005586,0.005984,0.005984,99417200.00
12/18/2017,0.005938,0.006809,0.005622,0.006433,0.006433,44158800.00
12/19/2017,0.006402,0.006693,0.005476,0.005666,0.005666,38885700.00
12/20/2017,0.005619,0.007067,0.004892,0.006661,0.006661,67820000.00
12/21/2017,0.006733,0.008768,0.006583,0.007425,0.007425,159154000.00
12/22/2017,0.007386,0.007625,0.004742,0.006054,0.006054,63693900.00
12/23/2017,0.006135,0.008076,0.00611,0.007259,0.007259,70143104.00
12/24/2017,0.007282,0.008948,0.005974,0.008582,0.008582,143767008.00
12/25/2017,0.008649,0.010729,0.008582,0.008931,0.008931,178008992.00
12/26/2017,0.008935,0.009623,0.008173,0.009411,0.009411,124427000.00
12/27/2017,0.009342,0.009609,0.008514,0.008872,0.008872,63625500.00
12/28/2017,0.008856,0.008856,0.007717,0.008486,0.008486,51201500.00
12/29/2017,0.008513,0.009477,0.008155,0.009391,0.009391,62474900.00
12/30/2017,0.009365,0.009446,0.007388,0.00786,0.00786,56175300.00
12/31/2017,0.007803,0.009274,0.007669,0.008972,0.008972,62256400.00
1/1/2018,0.009031,0.009063,0.008101,0.008909,0.008909,50616900.00
1/2/2018,0.008873,0.009598,0.008551,0.009145,0.009145,89424096.00
1/3/2018,0.009088,0.009584,0.008882,0.00932,0.00932,66349900.00
1/4/2018,0.009346,0.010036,0.008768,0.009644,0.009644,108986000.00
1/5/2018,0.00966,0.012283,0.009589,0.012167,0.012167,212383008.00
1/6/2018,0.012226,0.015788,0.012226,0.014863,0.014863,283716992.00
1/7/2018,0.014673,0.018773,0.014577,0.017088,0.017088,288184000.00
1/8/2018,0.017115,0.017664,0.013765,0.015045,0.015045,235114000.00
1/9/2018,0.015072,0.015569,0.013015,0.01342,0.01342,115255000.00
1/10/2018,0.013554,0.01356,0.011485,0.013102,0.013102,100243000.00
1/11/2018,0.01302,0.013153,0.010987,0.011469,0.011469,62722000.00
1/12/2018,0.011479,0.013339,0.011165,0.013056,0.013056,56971300.00
1/13/2018,0.013057,0.013653,0.012478,0.013023,0.013023,55890600.00
1/14/2018,0.013057,0.013187,0.011344,0.011684,0.011684,65899000.00
1/15/2018,0.011631,0.011779,0.009848,0.009857,0.009857,62765500.00
1/16/2018,0.009863,0.009863,0.005672,0.006822,0.006822,68099200.00
1/17/2018,0.006812,0.007741,0.005499,0.007648,0.007648,58846200.00
1/18/2018,0.007641,0.008733,0.007195,0.007969,0.007969,56599300.00
1/19/2018,0.007872,0.008435,0.007467,0.007871,0.007871,30335700.00
1/20/2018,0.007957,0.008649,0.007957,0.008448,0.008448,22974100.00
1/21/2018,0.008438,0.008438,0.006983,0.007131,0.007131,22933100.00
1/22/2018,0.007199,0.007606,0.006318,0.006734,0.006734,19968600.00
1/23/2018,0.006723,0.007049,0.006228,0.006673,0.006673,17882700.00
1/24/2018,0.006642,0.007217,0.006473,0.007083,0.007083,17449900.00
1/25/2018,0.007155,0.007763,0.007124,0.007667,0.007667,21329400.00
1/26/2018,0.007702,0.007982,0.006795,0.007237,0.007237,19572300.00
1/27/2018,0.00724,0.007545,0.007168,0.007373,0.007373,11672900.00
1/28/2018,0.007409,0.007681,0.007337,0.007465,0.007465,14070700.00
1/29/2018,0.007401,0.007522,0.006863,0.006967,0.006967,13073100.00
1/30/2018,0.006969,0.006992,0.005942,0.006024,0.006024,15855900.00
1/31/2018,0.006001,0.006219,0.005752,0.00601,0.00601,14754700.00
2/1/2018,0.006021,0.00609,0.004791,0.005029,0.005029,18748700.00
2/2/2018,0.005023,0.005023,0.00331,0.004475,0.004475,29913700.00
2/3/2018,0.004501,0.005495,0.004159,0.005164,0.005164,18018100.00
2/4/2018,0.005182,0.005317,0.004176,0.004399,0.004399,12961600.00
2/5/2018,0.004397,0.00447,0.003376,0.003533,0.003533,12489400.00
2/6/2018,0.003544,0.004421,0.003036,0.004361,0.004361,19139100.00
2/7/2018,0.004314,0.0048,0.003934,0.004297,0.004297,12990100.00
2/8/2018,0.004263,0.004872,0.004263,0.004566,0.004566,9462680.00
2/9/2018,0.00456,0.005011,0.004313,0.005,0.005,11190100.00
2/10/2018,0.004982,0.005441,0.004744,0.004989,0.004989,16717300.00
2/11/2018,0.004968,0.005183,0.004606,0.004956,0.004956,11309800.00
2/12/2018,0.004964,0.005508,0.004964,0.005472,0.005472,11124300.00
2/13/2018,0.005475,0.005678,0.005271,0.005638,0.005638,14149700.00
2/14/2018,0.00563,0.006786,0.00563,0.00673,0.00673,40527400.00
2/15/2018,0.006717,0.007948,0.006714,0.007347,0.007347,43275000.00
2/16/2018,0.007295,0.007485,0.006529,0.007034,0.007034,26553900.00
2/17/2018,0.007064,0.007322,0.006853,0.007049,0.007049,18333100.00
2/18/2018,0.007114,0.007144,0.00633,0.006424,0.006424,15291500.00
2/19/2018,0.00641,0.006938,0.006341,0.006697,0.006697,13019200.00
2/20/2018,0.006679,0.008288,0.006399,0.007094,0.007094,107911000.00
2/21/2018,0.007087,0.007391,0.006349,0.006581,0.006581,36813100.00
2/22/2018,0.006568,0.006869,0.006082,0.006259,0.006259,20365500.00
2/23/2018,0.006253,0.006949,0.006038,0.006648,0.006648,19390500.00
2/24/2018,0.006666,0.006898,0.006131,0.006324,0.006324,15687300.00
2/25/2018,0.006321,0.006411,0.005997,0.006142,0.006142,11758800.00
2/26/2018,0.006169,0.006499,0.005962,0.006339,0.006339,12068600.00
2/27/2018,0.006363,0.006574,0.00627,0.006291,0.006291,12201900.00
2/28/2018,0.00627,0.006451,0.006006,0.006018,0.006018,13227600.00
3/1/2018,0.006042,0.00632,0.005945,0.006215,0.006215,15518400.00
3/2/2018,0.006174,0.006232,0.005447,0.005482,0.005482,22498100.00
3/3/2018,0.005494,0.005756,0.005181,0.005301,0.005301,21545000.00
3/4/2018,0.005234,0.005502,0.005164,0.005502,0.005502,12133500.00
3/5/2018,0.005462,0.005535,0.005157,0.005218,0.005218,13627700.00
3/6/2018,0.005122,0.005136,0.004558,0.00461,0.00461,14766900.00
3/7/2018,0.004618,0.004704,0.004011,0.004024,0.004024,17585500.00
3/8/2018,0.004015,0.004418,0.003895,0.004025,0.004025,15499400.00
3/9/2018,0.004006,0.004146,0.003618,0.004146,0.004146,13624400.00
3/10/2018,0.004137,0.004379,0.00395,0.003973,0.003973,9880540.00
3/11/2018,0.003959,0.00432,0.003843,0.00421,0.00421,9251440.00
3/12/2018,0.004207,0.004273,0.003835,0.004032,0.004032,7601500.00
3/13/2018,0.00402,0.004234,0.003879,0.00396,0.00396,6006560.00
3/14/2018,0.003954,0.004018,0.003423,0.003524,0.003524,7532350.00
3/15/2018,0.003521,0.003619,0.003267,0.003536,0.003536,9316740.00
3/16/2018,0.003542,0.003655,0.003441,0.00351,0.00351,6407110.00
3/17/2018,0.003505,0.00355,0.003249,0.003299,0.003299,6231110.00
3/18/2018,0.00328,0.00328,0.00279,0.00319,0.00319,9029610.00
3/19/2018,0.003199,0.003504,0.003144,0.00344,0.00344,8278910.00
3/20/2018,0.003466,0.003727,0.003388,0.003651,0.003651,6638060.00
3/21/2018,0.003651,0.003833,0.003606,0.003659,0.003659,6711100.00
3/22/2018,0.003666,0.003726,0.003443,0.003528,0.003528,5210480.00
3/23/2018,0.003533,0.00356,0.003341,0.00356,0.00356,6178530.00
3/24/2018,0.003597,0.003727,0.00351,0.00359,0.00359,4461220.00
3/25/2018,0.00355,0.003576,0.003463,0.003505,0.003505,3476340.00
3/26/2018,0.003498,0.003541,0.003141,0.003289,0.003289,6061990.00
3/27/2018,0.003276,0.003283,0.003108,0.003145,0.003145,5235300.00
3/28/2018,0.003134,0.003244,0.003114,0.003141,0.003141,4912220.00
3/29/2018,0.003171,0.003177,0.002758,0.002827,0.002827,5630550.00
3/30/2018,0.002811,0.00289,0.002648,0.002763,0.002763,5378440.00
3/31/2018,0.002752,0.002897,0.002699,0.002819,0.002819,3505010.00
4/1/2018,0.002818,0.002869,0.002595,0.002719,0.002719,3373820.00
4/2/2018,0.002731,0.002814,0.002704,0.002797,0.002797,5034000.00
4/3/2018,0.002794,0.002993,0.00278,0.00298,0.00298,6618080.00
4/4/2018,0.002982,0.003006,0.002717,0.00277,0.00277,5330250.00
4/5/2018,0.002785,0.002791,0.002654,0.002714,0.002714,4829150.00
4/6/2018,0.002715,0.002737,0.002614,0.00267,0.00267,2848290.00
4/7/2018,0.002682,0.002865,0.002669,0.002802,0.002802,3034220.00
4/8/2018,0.002786,0.002907,0.002786,0.002843,0.002843,3683180.00
4/9/2018,0.002855,0.002929,0.002724,0.002763,0.002763,4827250.00
4/10/2018,0.002759,0.003073,0.00274,0.003043,0.003043,10212100.00
4/11/2018,0.003039,0.003499,0.003013,0.003396,0.003396,25292400.00
4/12/2018,0.003374,0.003798,0.003255,0.003798,0.003798,13877700.00
4/13/2018,0.003782,0.004294,0.00375,0.003995,0.003995,18150400.00
4/14/2018,0.003958,0.004218,0.003924,0.00415,0.00415,13585900.00
4/15/2018,0.004135,0.004614,0.004135,0.004571,0.004571,11867500.00
4/16/2018,0.004588,0.00492,0.004391,0.004585,0.004585,22272600.00
4/17/2018,0.004588,0.004869,0.004515,0.004744,0.004744,17139500.00
4/18/2018,0.004712,0.005468,0.004708,0.005412,0.005412,21720200.00
4/19/2018,0.005397,0.005824,0.00532,0.005824,0.005824,27012500.00
4/20/2018,0.005834,0.005958,0.005698,0.005893,0.005893,23110700.00
4/21/2018,0.005878,0.005887,0.005194,0.005413,0.005413,25007100.00
4/22/2018,0.005442,0.005773,0.005328,0.005539,0.005539,18456900.00
4/23/2018,0.005545,0.005707,0.0054,0.005482,0.005482,33576300.00
4/24/2018,0.005489,0.005908,0.005482,0.0058,0.0058,36637000.00
4/25/2018,0.005879,0.005919,0.004947,0.005093,0.005093,38270000.00
4/26/2018,0.005128,0.005676,0.004896,0.005627,0.005627,41358700.00
4/27/2018,0.005583,0.005739,0.005296,0.005422,0.005422,38969800.00
4/28/2018,0.005364,0.005622,0.005314,0.005357,0.005357,35916600.00
4/29/2018,0.00547,0.005558,0.005222,0.005459,0.005459,37883800.00
4/30/2018,0.005405,0.005534,0.005136,0.00521,0.00521,36411800.00
5/1/2018,0.005272,0.005272,0.004899,0.005144,0.005144,11657500.00
5/2/2018,0.005114,0.005415,0.005041,0.005273,0.005273,49958400.00
5/3/2018,0.005334,0.005649,0.005212,0.005641,0.005641,50484900.00
5/4/2018,0.005533,0.005555,0.005205,0.005269,0.005269,14434200.00
5/5/2018,0.005267,0.005347,0.005026,0.00518,0.00518,30335800.00
5/6/2018,0.005202,0.005259,0.004725,0.00497,0.00497,33446900.00
5/7/2018,0.004966,0.005017,0.004632,0.004817,0.004817,25891500.00
5/8/2018,0.004833,0.005356,0.004792,0.005303,0.005303,40660100.00
5/9/2018,0.005273,0.005324,0.004652,0.005093,0.005093,33562300.00
5/10/2018,0.004825,0.005296,0.004531,0.00487,0.00487,34878500.00
5/11/2018,0.005036,0.005036,0.003997,0.004362,0.004362,27582800.00
5/12/2018,0.00445,0.004668,0.003918,0.004473,0.004473,27449400.00
5/13/2018,0.004307,0.004622,0.003965,0.004329,0.004329,19823500.00
5/14/2018,0.004499,0.004559,0.004219,0.00446,0.00446,12399700.00
5/15/2018,0.004443,0.004788,0.004418,0.004515,0.004515,21076900.00
5/16/2018,0.004474,0.00455,0.00426,0.004385,0.004385,9611630.00
5/17/2018,0.004368,0.00448,0.004173,0.004188,0.004188,17314000.00
5/18/2018,0.003996,0.004377,0.003755,0.004017,0.004017,13622000.00
5/19/2018,0.004217,0.004428,0.004005,0.004286,0.004286,15007400.00
5/20/2018,0.00425,0.004476,0.003907,0.004423,0.004423,15909900.00
5/21/2018,0.004397,0.004419,0.003947,0.004271,0.004271,18454500.00
5/22/2018,0.004212,0.004281,0.003823,0.003851,0.003851,10205700.00
5/23/2018,0.003858,0.004274,0.003435,0.003591,0.003591,14899100.00
5/24/2018,0.00359,0.003713,0.003248,0.003499,0.003499,10460200.00
5/25/2018,0.003474,0.003607,0.003376,0.003514,0.003514,10613600.00
5/26/2018,0.00355,0.003569,0.003459,0.003463,0.003463,6353660.00
5/27/2018,0.003464,0.00348,0.003401,0.003424,0.003424,3494870.00
5/28/2018,0.003433,0.003447,0.003218,0.003226,0.003226,7502800.00
5/29/2018,0.003226,0.003446,0.003168,0.003437,0.003437,9244550.00
5/30/2018,0.003447,0.003506,0.003323,0.003354,0.003354,7463910.00
5/31/2018,0.003429,0.003513,0.003317,0.003398,0.003398,8971080.00
6/1/2018,0.003427,0.003469,0.003336,0.003423,0.003423,5436780.00
6/2/2018,0.003418,0.003584,0.0034,0.003558,0.003558,5918490.00
6/3/2018,0.003576,0.00375,0.003545,0.00369,0.00369,19570200.00
6/4/2018,0.003691,0.00376,0.003512,0.003532,0.003532,22162200.00
6/5/2018,0.003538,0.003722,0.003514,0.003654,0.003654,18819700.00
6/6/2018,0.003655,0.0038,0.003573,0.003787,0.003787,21273700.00
6/7/2018,0.003748,0.003836,0.003707,0.003732,0.003732,6110720.00
6/8/2018,0.003746,0.003784,0.003633,0.003659,0.003659,6921140.00
6/9/2018,0.003658,0.003711,0.003593,0.003593,0.003593,4672910.00
6/10/2018,0.003595,0.003595,0.003151,0.003182,0.003182,7439530.00
6/11/2018,0.00318,0.003247,0.003102,0.003234,0.003234,4841840.00
6/12/2018,0.003237,0.003273,0.003075,0.003089,0.003089,4965300.00
6/13/2018,0.003092,0.003115,0.002778,0.002817,0.002817,11074900.00
6/14/2018,0.002816,0.003016,0.002811,0.002944,0.002944,9869880.00
6/15/2018,0.002953,0.002982,0.002837,0.002901,0.002901,12125600.00
6/16/2018,0.002892,0.002956,0.002829,0.002895,0.002895,6642410.00
6/17/2018,0.002906,0.002945,0.002873,0.002873,0.002873,6253640.00
6/18/2018,0.002916,0.00308,0.002831,0.003027,0.003027,8143520.00
6/19/2018,0.003027,0.003074,0.002956,0.003033,0.003033,4460270.00
6/20/2018,0.003035,0.003047,0.002944,0.003021,0.003021,3245680.00
6/21/2018,0.003021,0.003031,0.002968,0.002988,0.002988,3952000.00
6/22/2018,0.002983,0.003004,0.0026,0.002668,0.002668,9291920.00
6/23/2018,0.002671,0.002714,0.002585,0.002641,0.002641,9938440.00
6/24/2018,0.002635,0.002711,0.002331,0.00251,0.00251,9879600.00
6/25/2018,0.00249,0.002576,0.002392,0.002485,0.002485,5693670.00
6/26/2018,0.002501,0.002577,0.002457,0.002478,0.002478,4070170.00
6/27/2018,0.002484,0.002508,0.002335,0.002437,0.002437,5765380.00
6/28/2018,0.002406,0.002504,0.002333,0.002357,0.002357,3678050.00
6/29/2018,0.002409,0.002492,0.002293,0.002427,0.002427,3832380.00
6/30/2018,0.002435,0.002541,0.002421,0.002499,0.002499,6122900.00
7/1/2018,0.002508,0.002554,0.002456,0.002489,0.002489,8435030.00
7/2/2018,0.002486,0.002721,0.002429,0.002703,0.002703,5812800.00
7/3/2018,0.002699,0.002764,0.002618,0.002638,0.002638,5643560.00
7/4/2018,0.002637,0.002724,0.002587,0.00268,0.00268,4781340.00
7/5/2018,0.002679,0.002695,0.002578,0.002599,0.002599,3792270.00
7/6/2018,0.00261,0.002619,0.002551,0.002597,0.002597,4306990.00
7/7/2018,0.002601,0.002646,0.002547,0.002645,0.002645,4205310.00
7/8/2018,0.002642,0.002671,0.002573,0.002611,0.002611,5004800.00
7/9/2018,0.002612,0.002649,0.002595,0.002603,0.002603,4233540.00
7/10/2018,0.002606,0.002623,0.002242,0.002411,0.002411,6741490.00
7/11/2018,0.002406,0.002475,0.002353,0.002425,0.002425,9788650.00
7/12/2018,0.002395,0.002425,0.002244,0.002306,0.002306,4220800.00
7/13/2018,0.002307,0.002356,0.002207,0.002332,0.002332,6191910.00
7/14/2018,0.002304,0.002384,0.002187,0.002362,0.002362,4179950.00
7/15/2018,0.00237,0.002415,0.00232,0.00238,0.00238,3869860.00
7/16/2018,0.002366,0.002869,0.002366,0.002854,0.002854,15576200.00
7/17/2018,0.002812,0.003261,0.002801,0.003228,0.003228,15429200.00
7/18/2018,0.003222,0.004314,0.003189,0.003712,0.003712,39281300.00
7/19/2018,0.003683,0.00395,0.003481,0.003844,0.003844,25349600.00
7/20/2018,0.003829,0.003836,0.003294,0.00341,0.00341,18017900.00
7/21/2018,0.00345,0.003531,0.003217,0.00327,0.00327,13342900.00
7/22/2018,0.003339,0.003582,0.003278,0.003458,0.003458,11356800.00
7/23/2018,0.003468,0.003638,0.003419,0.003431,0.003431,8372820.00
7/24/2018,0.003446,0.003668,0.00339,0.00362,0.00362,10829100.00
7/25/2018,0.003592,0.00366,0.003313,0.003543,0.003543,13195600.00
7/26/2018,0.00353,0.003645,0.003354,0.003393,0.003393,6916450.00
7/27/2018,0.003388,0.003461,0.003284,0.003418,0.003418,5090340.00
7/28/2018,0.003408,0.00347,0.003389,0.0034,0.0034,3341480.00
7/29/2018,0.003414,0.003477,0.003286,0.003307,0.003307,5890530.00
7/30/2018,0.003313,0.003352,0.003031,0.003273,0.003273,13732200.00
7/31/2018,0.003325,0.003325,0.002857,0.002945,0.002945,14253600.00
8/1/2018,0.003018,0.00316,0.002828,0.00316,0.00316,14829700.00
8/2/2018,0.00308,0.003163,0.002927,0.002946,0.002946,6942240.00
8/3/2018,0.002959,0.002969,0.002846,0.002918,0.002918,9546950.00
8/4/2018,0.002896,0.002965,0.002737,0.002745,0.002745,7980110.00
8/5/2018,0.002783,0.002915,0.002733,0.002837,0.002837,11384200.00
8/6/2018,0.002872,0.002909,0.00274,0.002779,0.002779,5668670.00
8/7/2018,0.002775,0.002827,0.00266,0.002671,0.002671,5725520.00
8/8/2018,0.002669,0.002669,0.002396,0.002415,0.002415,4879040.00
8/9/2018,0.002408,0.002593,0.002381,0.002555,0.002555,7374010.00
8/10/2018,0.002554,0.002609,0.002365,0.002392,0.002392,4693290.00
8/11/2018,0.00238,0.00246,0.002345,0.002404,0.002404,5083850.00
8/12/2018,0.002396,0.00244,0.00236,0.002404,0.002404,3433940.00
8/13/2018,0.002407,0.002451,0.002285,0.002331,0.002331,4981090.00
8/14/2018,0.00232,0.002325,0.002143,0.00226,0.00226,7512400.00
8/15/2018,0.002256,0.002412,0.002248,0.002303,0.002303,5379460.00
8/16/2018,0.002299,0.00237,0.002227,0.002292,0.002292,5860370.00
8/17/2018,0.002316,0.002478,0.002285,0.002455,0.002455,5233940.00
8/18/2018,0.002477,0.002499,0.002368,0.002394,0.002394,6738940.00
8/19/2018,0.002413,0.002473,0.002366,0.002473,0.002473,2665100.00
8/20/2018,0.002464,0.002485,0.00236,0.002369,0.002369,2424120.00
8/21/2018,0.002364,0.002431,0.002362,0.002424,0.002424,2134170.00
8/22/2018,0.002423,0.002517,0.002312,0.002315,0.002315,5962320.00
8/23/2018,0.002315,0.002397,0.002313,0.002385,0.002385,2596260.00
8/24/2018,0.002391,0.002436,0.002354,0.002426,0.002426,3251910.00
8/25/2018,0.002423,0.002439,0.002355,0.00237,0.00237,4028740.00
8/26/2018,0.002368,0.002413,0.002288,0.002404,0.002404,2912230.00
8/27/2018,0.002404,0.002468,0.002387,0.002462,0.002462,3618660.00
8/28/2018,0.002475,0.002619,0.002451,0.002607,0.002607,5215460.00
8/29/2018,0.002607,0.00262,0.002516,0.002606,0.002606,4588400.00
8/30/2018,0.002598,0.003269,0.002596,0.003206,0.003206,33967500.00
8/31/2018,0.003216,0.004849,0.003213,0.004794,0.004794,77150500.00
9/1/2018,0.004741,0.006753,0.004337,0.006278,0.006278,193826000.00
9/2/2018,0.00631,0.006554,0.004548,0.004999,0.004999,139429000.00
9/3/2018,0.005026,0.00555,0.004985,0.005266,0.005266,57158800.00
9/4/2018,0.005279,0.005323,0.005055,0.005269,0.005269,32495100.00
9/5/2018,0.005259,0.005394,0.004809,0.004931,0.004931,50536000.00
9/6/2018,0.004926,0.005092,0.004665,0.00501,0.00501,32481300.00
9/7/2018,0.004996,0.005442,0.004996,0.005307,0.005307,37618700.00
9/8/2018,0.005298,0.005858,0.005298,0.005692,0.005692,48248300.00
9/9/2018,0.00571,0.005843,0.005702,0.005829,0.005829,32572000.00
9/10/2018,0.00584,0.006933,0.00584,0.006892,0.006892,76891600.00
9/11/2018,0.006931,0.006931,0.005953,0.006329,0.006329,89882900.00
9/12/2018,0.006325,0.006457,0.006193,0.006455,0.006455,59824100.00
9/13/2018,0.006468,0.006609,0.00641,0.006554,0.006554,45785700.00
9/14/2018,0.006558,0.006658,0.006095,0.00618,0.00618,41910000.00
9/15/2018,0.006187,0.006267,0.006134,0.006165,0.006165,16956400.00
9/16/2018,0.006191,0.006531,0.006141,0.006531,0.006531,21598600.00
9/17/2018,0.00654,0.006547,0.006156,0.006243,0.006243,26385900.00
9/18/2018,0.006231,0.00628,0.005789,0.005981,0.005981,39689500.00
9/19/2018,0.005984,0.006031,0.00536,0.005609,0.005609,38645300.00
9/20/2018,0.005605,0.0059,0.005605,0.005695,0.005695,25354400.00
9/21/2018,0.005695,0.005961,0.005553,0.005684,0.005684,22345300.00
9/22/2018,0.005682,0.005817,0.005604,0.005758,0.005758,14917600.00
9/23/2018,0.005765,0.005907,0.005736,0.005901,0.005901,12445100.00
9/24/2018,0.005904,0.006067,0.005659,0.005677,0.005677,17243600.00
9/25/2018,0.00568,0.005794,0.005587,0.005686,0.005686,17598700.00
9/26/2018,0.005692,0.005753,0.005662,0.005695,0.005695,11673600.00
9/27/2018,0.005702,0.00591,0.005693,0.005879,0.005879,15096200.00
9/28/2018,0.005864,0.005965,0.005783,0.005831,0.005831,14461600.00
9/29/2018,0.005832,0.005898,0.005765,0.005865,0.005865,15626800.00
9/30/2018,0.005867,0.00591,0.005828,0.005906,0.005906,13396600.00
10/1/2018,0.005901,0.006024,0.005881,0.005942,0.005942,20096400.00
10/2/2018,0.005927,0.005964,0.005789,0.005824,0.005824,15357200.00
10/3/2018,0.005813,0.005826,0.005655,0.005704,0.005704,15933900.00
10/4/2018,0.005712,0.005767,0.005576,0.005645,0.005645,14529600.00
10/5/2018,0.005647,0.005744,0.005625,0.005669,0.005669,12566200.00
10/6/2018,0.005686,0.00577,0.005483,0.005545,0.005545,13055500.00
10/7/2018,0.005559,0.005575,0.005512,0.005562,0.005562,7755690.00
10/8/2018,0.005573,0.005652,0.00555,0.005578,0.005578,12177400.00
10/9/2018,0.005594,0.005639,0.005574,0.005635,0.005635,8996090.00
10/10/2018,0.005628,0.005648,0.005531,0.005552,0.005552,10274400.00
10/11/2018,0.005547,0.005547,0.004901,0.005,0.005,18770800.00
10/12/2018,0.004982,0.005283,0.004957,0.005247,0.005247,9635600.00
10/13/2018,0.005245,0.005272,0.005163,0.005182,0.005182,8095130.00
10/14/2018,0.005174,0.005223,0.005145,0.005158,0.005158,7930760.00
10/15/2018,0.005153,0.005457,0.005124,0.005218,0.005218,18579800.00
10/16/2018,0.005222,0.005222,0.004966,0.005017,0.005017,11794600.00
10/17/2018,0.00501,0.005025,0.004493,0.004599,0.004599,24144600.00
10/18/2018,0.004605,0.004729,0.004336,0.004386,0.004386,22842600.00
10/19/2018,0.004389,0.004566,0.004273,0.00447,0.00447,17274700.00
10/20/2018,0.004501,0.004558,0.004443,0.004551,0.004551,7574780.00
10/21/2018,0.004552,0.004602,0.004509,0.004517,0.004517,7521080.00
10/22/2018,0.004508,0.004535,0.004357,0.004366,0.004366,10602500.00
10/23/2018,0.004373,0.004401,0.004136,0.004172,0.004172,12913100.00
10/24/2018,0.004162,0.004163,0.003859,0.003911,0.003911,17832300.00
10/25/2018,0.003912,0.003921,0.003676,0.003717,0.003717,12336100.00
10/26/2018,0.003703,0.003984,0.003703,0.003984,0.003984,16214900.00
10/27/2018,0.004011,0.004256,0.004011,0.004195,0.004195,23286000.00
10/28/2018,0.004188,0.004188,0.004035,0.004063,0.004063,11694700.00
10/29/2018,0.004048,0.004064,0.003835,0.003847,0.003847,14051900.00
10/30/2018,0.003857,0.003908,0.003819,0.00385,0.00385,11828900.00
10/31/2018,0.003835,0.003873,0.00369,0.003764,0.003764,14273900.00
11/1/2018,0.003759,0.003951,0.003753,0.003777,0.003777,10034100.00
11/2/2018,0.003778,0.00381,0.003745,0.003773,0.003773,11323400.00
11/3/2018,0.003776,0.003786,0.00373,0.003733,0.003733,7815160.00
11/4/2018,0.003749,0.003788,0.003676,0.003676,0.003676,8992540.00
11/5/2018,0.003664,0.003744,0.003616,0.003622,0.003622,11645300.00
11/6/2018,0.003632,0.003732,0.003616,0.003696,0.003696,15554100.00
11/7/2018,0.003698,0.003719,0.003625,0.003637,0.003637,10603600.00
11/8/2018,0.003637,0.00366,0.003377,0.003384,0.003384,13533900.00
11/9/2018,0.003369,0.003373,0.003095,0.00314,0.00314,18644000.00
11/10/2018,0.003135,0.003347,0.003092,0.003285,0.003285,15996900.00
11/11/2018,0.003278,0.003286,0.003142,0.003162,0.003162,8201330.00
11/12/2018,0.003164,0.003173,0.003039,0.003064,0.003064,10401200.00
11/13/2018,0.003066,0.003087,0.002943,0.002945,0.002945,7309800.00
11/14/2018,0.002947,0.002954,0.002612,0.002695,0.002695,15358000.00
11/15/2018,0.002703,0.002816,0.002511,0.0028,0.0028,22776600.00
11/16/2018,0.002803,0.002819,0.002667,0.002746,0.002746,24758900.00
11/17/2018,0.002746,0.002771,0.002563,0.002595,0.002595,18533300.00
11/18/2018,0.002597,0.002645,0.002575,0.002643,0.002643,11556400.00
11/19/2018,0.002641,0.002717,0.002415,0.002418,0.002418,16481100.00
11/20/2018,0.002414,0.002437,0.002184,0.002254,0.002254,20588800.00
11/21/2018,0.002266,0.002505,0.002174,0.002448,0.002448,28366700.00
11/22/2018,0.002454,0.002481,0.002344,0.002412,0.002412,13264200.00
11/23/2018,0.002408,0.002419,0.00229,0.002361,0.002361,11322000.00
11/24/2018,0.002364,0.00239,0.002194,0.002224,0.002224,11318100.00
11/25/2018,0.00223,0.002262,0.002073,0.00222,0.00222,11793900.00
11/26/2018,0.002218,0.002254,0.00204,0.002099,0.002099,11991200.00
11/27/2018,0.002095,0.002106,0.002006,0.002087,0.002087,11737900.00
11/28/2018,0.002089,0.002302,0.002083,0.002246,0.002246,14675800.00
11/29/2018,0.002251,0.002277,0.002186,0.002241,0.002241,12848617.00
11/30/2018,0.00224,0.002255,0.00213,0.002165,0.002165,11289729.00
12/1/2018,0.002175,0.002279,0.002155,0.00225,0.00225,9596327.00
12/2/2018,0.002252,0.002271,0.002216,0.002246,0.002246,9346514.00
12/3/2018,0.002247,0.002386,0.002144,0.002371,0.002371,12481724.00
12/4/2018,0.00237,0.002379,0.002171,0.002196,0.002196,17851389.00
12/5/2018,0.002194,0.002258,0.002143,0.00218,0.00218,20634689.00
12/6/2018,0.002178,0.002227,0.002097,0.002097,0.002097,24766152.00
12/7/2018,0.002104,0.002139,0.002031,0.002104,0.002104,27761895.00
12/8/2018,0.002096,0.002157,0.002068,0.00212,0.00212,18741868.00
12/9/2018,0.002113,0.002144,0.002089,0.002102,0.002102,16961970.00
12/10/2018,0.002098,0.002119,0.002074,0.0021,0.0021,15898038.00
12/11/2018,0.002097,0.002101,0.002065,0.002088,0.002088,16096640.00
12/12/2018,0.002089,0.002137,0.002077,0.002111,0.002111,18564007.00
12/13/2018,0.002118,0.002119,0.002045,0.002065,0.002065,17660417.00
12/14/2018,0.002067,0.002085,0.002056,0.00207,0.00207,16163454.00
12/15/2018,0.00207,0.002121,0.002063,0.002113,0.002113,13579048.00
12/16/2018,0.002106,0.002145,0.002101,0.002125,0.002125,16084725.00
12/17/2018,0.002125,0.002716,0.002119,0.002533,0.002533,38633067.00
12/18/2018,0.002536,0.00269,0.002471,0.002684,0.002684,39838880.00
12/19/2018,0.002674,0.002771,0.002562,0.00272,0.00272,29874095.00
12/20/2018,0.002707,0.002779,0.00261,0.002731,0.002731,23713034.00
12/21/2018,0.002722,0.002745,0.00251,0.002545,0.002545,22399777.00
12/22/2018,0.002539,0.002561,0.002416,0.002502,0.002502,18456616.00
12/23/2018,0.002502,0.002589,0.0025,0.002542,0.002542,20041491.00
12/24/2018,0.00255,0.002638,0.00254,0.00254,0.00254,24536966.00
12/25/2018,0.002555,0.002555,0.002318,0.002404,0.002404,19340547.00
12/26/2018,0.002402,0.002496,0.002394,0.002474,0.002474,17477619.00
12/27/2018,0.002477,0.002486,0.002364,0.002364,0.002364,19224932.00
12/28/2018,0.002362,0.002447,0.002304,0.002434,0.002434,19439895.00
12/29/2018,0.002439,0.002446,0.002388,0.002403,0.002403,16985015.00
12/30/2018,0.00238,0.002402,0.002341,0.002367,0.002367,16846019.00
12/31/2018,0.00237,0.002395,0.002325,0.002346,0.002346,18724788.00
1/1/2019,0.002346,0.002392,0.002322,0.002392,0.002392,17364744.00
1/2/2019,0.002388,0.002458,0.002372,0.002407,0.002407,18015392.00
1/3/2019,0.002404,0.002414,0.002356,0.00236,0.00236,17619234.00
1/4/2019,0.002364,0.002397,0.002274,0.002315,0.002315,19530100.00
1/5/2019,0.00232,0.00235,0.00228,0.002319,0.002319,17148586.00
1/6/2019,0.002313,0.002371,0.002291,0.002328,0.002328,18175111.00
1/7/2019,0.002328,0.002335,0.002275,0.002285,0.002285,15899004.00
1/8/2019,0.002298,0.002321,0.002261,0.002276,0.002276,20994417.00
1/9/2019,0.002278,0.002307,0.002255,0.002266,0.002266,17010797.00
1/10/2019,0.002263,0.002295,0.002085,0.002132,0.002132,21174109.00
1/11/2019,0.002129,0.002149,0.002105,0.002129,0.002129,17187243.00
1/12/2019,0.00213,0.002158,0.002115,0.002148,0.002148,14167258.00
1/13/2019,0.002137,0.002171,0.002083,0.002094,0.002094,18059306.00
1/14/2019,0.002102,0.002198,0.002097,0.002183,0.002183,18534843.00
1/15/2019,0.002178,0.002188,0.002098,0.002111,0.002111,15986348.00
1/16/2019,0.002108,0.002141,0.002084,0.002138,0.002138,13656181.00
1/17/2019,0.002133,0.002147,0.00208,0.002094,0.002094,13882217.00
1/18/2019,0.002093,0.002117,0.002084,0.002106,0.002106,12471672.00
1/19/2019,0.002104,0.00216,0.002089,0.002153,0.002153,16088820.00
1/20/2019,0.002153,0.002153,0.002082,0.002119,0.002119,16178008.00
1/21/2019,0.002106,0.002122,0.002066,0.002101,0.002101,17205921.00
1/22/2019,0.002099,0.002112,0.002033,0.002057,0.002057,18971837.00
1/23/2019,0.002055,0.002068,0.002021,0.002043,0.002043,15672115.00
1/24/2019,0.002045,0.002073,0.002013,0.002039,0.002039,15825805.00
1/25/2019,0.002057,0.002183,0.002027,0.002118,0.002118,15953121.00
1/26/2019,0.002094,0.002152,0.00203,0.002083,0.002083,15588079.00
1/27/2019,0.002082,0.002096,0.002009,0.002027,0.002027,16233338.00
1/28/2019,0.002026,0.002028,0.001927,0.001944,0.001944,16265136.00
1/29/2019,0.001947,0.00197,0.001917,0.001927,0.001927,14809844.00
1/30/2019,0.001925,0.00197,0.001914,0.001961,0.001961,11813018.00
1/31/2019,0.001963,0.001987,0.001912,0.001925,0.001925,13824059.00
2/1/2019,0.001926,0.001928,0.001893,0.001916,0.001916,17411751.00
2/2/2019,0.001914,0.001956,0.001896,0.001936,0.001936,13184663.00
2/3/2019,0.001932,0.001957,0.00189,0.001904,0.001904,15354409.00
2/4/2019,0.001904,0.001932,0.001877,0.001896,0.001896,13169126.00
2/5/2019,0.001899,0.001913,0.00188,0.001888,0.001888,13983316.00
2/6/2019,0.001886,0.001902,0.001837,0.001866,0.001866,15246340.00
2/7/2019,0.001869,0.00189,0.001839,0.001845,0.001845,14228248.00
2/8/2019,0.001847,0.001957,0.001835,0.001956,0.001956,17956052.00
2/9/2019,0.001952,0.001996,0.001923,0.001949,0.001949,14455529.00
2/10/2019,0.001951,0.001953,0.001912,0.001946,0.001946,15828371.00
2/11/2019,0.001946,0.001946,0.001899,0.001906,0.001906,15220889.00
2/12/2019,0.001904,0.001911,0.001873,0.001894,0.001894,16971098.00
2/13/2019,0.001894,0.00191,0.001885,0.001893,0.001893,15440451.00
2/14/2019,0.001891,0.001909,0.001885,0.001897,0.001897,16879422.00
2/15/2019,0.001896,0.001915,0.001889,0.001908,0.001908,14754160.00
2/16/2019,0.001907,0.001929,0.001895,0.001924,0.001924,14351257.00
2/17/2019,0.001923,0.001993,0.001915,0.001992,0.001992,19208659.00
2/18/2019,0.001993,0.002124,0.001993,0.002114,0.002114,26457493.00
2/19/2019,0.002116,0.002139,0.002056,0.002067,0.002067,26883836.00
2/20/2019,0.002065,0.002081,0.002044,0.002079,0.002079,20976083.00
2/21/2019,0.002066,0.002078,0.002022,0.002028,0.002028,18308575.00
2/22/2019,0.00203,0.002071,0.002024,0.002056,0.002056,19850028.00
2/23/2019,0.002055,0.002111,0.002034,0.002083,0.002083,20487004.00
2/24/2019,0.002088,0.002125,0.001955,0.001974,0.001974,25171947.00
2/25/2019,0.001973,0.002045,0.00193,0.00203,0.00203,20965852.00
2/26/2019,0.002029,0.00205,0.001992,0.002023,0.002023,19292966.00
2/27/2019,0.002024,0.002033,0.001954,0.002019,0.002019,19512740.00
2/28/2019,0.002018,0.002024,0.001968,0.001976,0.001976,18191276.00
3/1/2019,0.001976,0.00202,0.001976,0.001994,0.001994,18777567.00
3/2/2019,0.001992,0.002013,0.00198,0.002003,0.002003,17330550.00
3/3/2019,0.002002,0.002024,0.001991,0.001999,0.001999,15753983.00
3/4/2019,0.002004,0.002011,0.001968,0.001982,0.001982,16744533.00
3/5/2019,0.001981,0.002003,0.001961,0.001985,0.001985,19420739.00
3/6/2019,0.001985,0.001992,0.001967,0.001983,0.001983,17375079.00
3/7/2019,0.001982,0.002015,0.001966,0.001991,0.001991,17976088.00
3/8/2019,0.001992,0.001998,0.001968,0.00198,0.00198,17551404.00
3/9/2019,0.001982,0.002015,0.001972,0.001998,0.001998,17348833.00
3/10/2019,0.002,0.002004,0.001979,0.001999,0.001999,14597178.00
3/11/2019,0.002001,0.002006,0.001947,0.001966,0.001966,20212258.00
3/12/2019,0.001969,0.00203,0.00195,0.002012,0.002012,20817165.00
3/13/2019,0.002015,0.002053,0.002005,0.002025,0.002025,17366462.00
3/14/2019,0.002022,0.002044,0.002009,0.002039,0.002039,12675418.00
3/15/2019,0.002041,0.002058,0.002015,0.002048,0.002048,14469793.00
3/16/2019,0.002047,0.002099,0.00204,0.002077,0.002077,17262660.00
3/17/2019,0.002081,0.00209,0.002057,0.002081,0.002081,17683010.00
3/18/2019,0.002076,0.002094,0.002063,0.002083,0.002083,21958793.00
3/19/2019,0.002083,0.002106,0.002073,0.002091,0.002091,20549162.00
3/20/2019,0.002084,0.002092,0.002054,0.002061,0.002061,17912276.00
3/21/2019,0.002065,0.002074,0.00204,0.002054,0.002054,18961937.00
3/22/2019,0.002051,0.002074,0.002045,0.002052,0.002052,17243548.00
3/23/2019,0.002057,0.00208,0.002047,0.002064,0.002064,15724762.00
3/24/2019,0.002062,0.00208,0.002026,0.002054,0.002054,16541721.00
3/25/2019,0.002058,0.002066,0.002026,0.002043,0.002043,17555818.00
3/26/2019,0.002041,0.002061,0.002026,0.002054,0.002054,19354498.00
3/27/2019,0.00205,0.002089,0.002042,0.002085,0.002085,23194502.00
3/28/2019,0.002087,0.002092,0.00206,0.002074,0.002074,20558761.00
3/29/2019,0.002076,0.002102,0.002056,0.002087,0.002087,21582049.00
3/30/2019,0.002091,0.002166,0.002065,0.00208,0.00208,19212788.00
3/31/2019,0.002081,0.0021,0.00207,0.00208,0.00208,18785300.00
4/1/2019,0.002082,0.002532,0.002078,0.002461,0.002461,49116894.00
4/2/2019,0.002459,0.002863,0.002394,0.002795,0.002795,60298362.00
4/3/2019,0.002777,0.003656,0.002771,0.003164,0.003164,89863287.00
4/4/2019,0.003158,0.004096,0.003134,0.003697,0.003697,164634741.00
4/5/2019,0.003679,0.003755,0.003409,0.00359,0.00359,63331136.00
4/6/2019,0.003594,0.003594,0.003415,0.003439,0.003439,46343810.00
4/7/2019,0.00344,0.003517,0.003256,0.003418,0.003418,50224984.00
4/8/2019,0.003428,0.003437,0.003012,0.003045,0.003045,62195173.00
4/9/2019,0.003044,0.00307,0.002812,0.002884,0.002884,53210703.00
4/10/2019,0.002881,0.00308,0.002872,0.003021,0.003021,50718761.00
4/11/2019,0.003019,0.003031,0.002738,0.002789,0.002789,45881209.00
4/12/2019,0.002791,0.002873,0.002725,0.002856,0.002856,42878877.00
4/13/2019,0.002852,0.002906,0.00282,0.002872,0.002872,34870866.00
4/14/2019,0.002873,0.002903,0.002837,0.002882,0.002882,30693264.00
4/15/2019,0.002884,0.002923,0.002743,0.00279,0.00279,36669437.00
4/16/2019,0.00279,0.002856,0.002738,0.002835,0.002835,31946320.00
4/17/2019,0.002837,0.002861,0.002759,0.00281,0.00281,32027922.00
4/18/2019,0.002816,0.002958,0.002806,0.002946,0.002946,42590190.00
4/19/2019,0.002945,0.002948,0.002875,0.002893,0.002893,36059338.00
4/20/2019,0.002892,0.002903,0.00286,0.002902,0.002902,35542377.00
4/21/2019,0.0029,0.002906,0.002724,0.00276,0.00276,37077986.00
4/22/2019,0.002758,0.002824,0.002726,0.002798,0.002798,36334621.00
4/23/2019,0.002804,0.002856,0.002767,0.002772,0.002772,37261547.00
4/24/2019,0.002775,0.002779,0.002549,0.002599,0.002599,43229277.00
4/25/2019,0.002595,0.00262,0.00249,0.002506,0.002506,33422071.00
4/26/2019,0.002499,0.002526,0.002453,0.002519,0.002519,33070494.00
4/27/2019,0.002515,0.002545,0.002489,0.002516,0.002516,27194224.00
4/28/2019,0.00252,0.002563,0.002502,0.002531,0.002531,25600272.00
4/29/2019,0.002527,0.002551,0.002443,0.002466,0.002466,32974056.00
4/30/2019,0.002469,0.002519,0.002443,0.002513,0.002513,34753261.00
5/1/2019,0.00251,0.002551,0.002477,0.002521,0.002521,30316782.00
5/2/2019,0.002525,0.002656,0.002516,0.002611,0.002611,34506272.00
5/3/2019,0.00261,0.002753,0.002595,0.002721,0.002721,40969776.00
5/4/2019,0.002698,0.002783,0.002608,0.00268,0.00268,39814872.00
5/5/2019,0.002709,0.002709,0.002622,0.002653,0.002653,33161934.00
5/6/2019,0.002633,0.002661,0.002515,0.002542,0.002542,37020800.00
5/7/2019,0.002544,0.002632,0.002536,0.002536,0.002536,38143865.00
5/8/2019,0.002534,0.002572,0.002505,0.002537,0.002537,32200704.00
5/9/2019,0.002536,0.002554,0.002467,0.0025,0.0025,30720237.00
5/10/2019,0.002503,0.002559,0.002449,0.002522,0.002522,32480633.00
5/11/2019,0.002515,0.002799,0.002513,0.002754,0.002754,48521874.00
5/12/2019,0.002757,0.00282,0.002612,0.002665,0.002665,44577097.00
5/13/2019,0.002663,0.002823,0.002649,0.002756,0.002756,47011255.00
5/14/2019,0.002758,0.003199,0.002747,0.003068,0.003068,58434920.00
5/15/2019,0.003073,0.003317,0.003052,0.003308,0.003308,57673254.00
5/16/2019,0.00331,0.003521,0.003114,0.003168,0.003168,68128483.00
5/17/2019,0.003169,0.003186,0.002831,0.002962,0.002962,66495399.00
5/18/2019,0.002966,0.003054,0.002897,0.003005,0.003005,54849676.00
5/19/2019,0.003011,0.003195,0.003,0.003178,0.003178,63883932.00
5/20/2019,0.003179,0.003186,0.002933,0.003041,0.003041,56440462.00
5/21/2019,0.003042,0.003112,0.002968,0.003086,0.003086,54845691.00
5/22/2019,0.003082,0.003091,0.002912,0.002939,0.002939,60016531.00
5/23/2019,0.002937,0.00298,0.002795,0.002961,0.002961,55428477.00
5/24/2019,0.00296,0.003022,0.002932,0.002995,0.002995,61767497.00
5/25/2019,0.002996,0.003011,0.002958,0.002991,0.002991,58214409.00
5/26/2019,0.002987,0.003115,0.002935,0.003092,0.003092,68909916.00
5/27/2019,0.003099,0.003207,0.003086,0.003141,0.003141,76858482.00
5/28/2019,0.003142,0.003168,0.003071,0.003148,0.003148,67850692.00
5/29/2019,0.003149,0.003151,0.003083,0.003127,0.003127,74244761.00
5/30/2019,0.003125,0.0036,0.00311,0.003258,0.003258,97252491.00
5/31/2019,0.003256,0.003443,0.003172,0.003441,0.003441,85204091.00
6/1/2019,0.003443,0.00352,0.00336,0.003419,0.003419,85093279.00
6/2/2019,0.003426,0.003448,0.003342,0.003398,0.003398,74315769.00
6/3/2019,0.003397,0.00341,0.003194,0.003198,0.003198,76817043.00
6/4/2019,0.003213,0.003213,0.002986,0.003042,0.003042,77725735.00
6/5/2019,0.003039,0.003098,0.00298,0.00307,0.00307,72561329.00
6/6/2019,0.003072,0.003124,0.003005,0.003087,0.003087,71608123.00
6/7/2019,0.003088,0.003195,0.003059,0.00311,0.00311,71288069.00
6/8/2019,0.003115,0.003191,0.003017,0.003084,0.003084,69699426.00
6/9/2019,0.003077,0.003218,0.002978,0.003012,0.003012,69438950.00
6/10/2019,0.003014,0.003135,0.002992,0.003091,0.003091,69822843.00
6/11/2019,0.00309,0.003143,0.002998,0.003058,0.003058,65070888.00
6/12/2019,0.003061,0.003094,0.003019,0.003067,0.003067,69543166.00
6/13/2019,0.003063,0.003168,0.00303,0.003074,0.003074,66973694.00
6/14/2019,0.003075,0.003142,0.003037,0.003124,0.003124,59252853.00
6/15/2019,0.003135,0.003204,0.003097,0.003157,0.003157,63436423.00
6/16/2019,0.003145,0.003336,0.003135,0.003186,0.003186,68789112.00
6/17/2019,0.003188,0.003225,0.003125,0.00319,0.00319,60386666.00
6/18/2019,0.003193,0.003199,0.00311,0.003125,0.003125,54908991.00
6/19/2019,0.003123,0.003154,0.003097,0.00313,0.00313,35562598.00
6/20/2019,0.003143,0.003204,0.003095,0.003161,0.003161,36102126.00
6/21/2019,0.003167,0.003251,0.003128,0.003223,0.003223,42423841.00
6/22/2019,0.003229,0.003354,0.003185,0.003279,0.003279,57373528.00
6/23/2019,0.003285,0.003496,0.00325,0.003304,0.003304,44229340.00
6/24/2019,0.003314,0.003431,0.003234,0.003368,0.003368,42747865.00
6/25/2019,0.003367,0.003395,0.00327,0.003392,0.003392,41001826.00
6/26/2019,0.003391,0.00345,0.003252,0.003379,0.003379,64528905.00
6/27/2019,0.00339,0.003495,0.00299,0.003329,0.003329,76165577.00
6/28/2019,0.003332,0.003523,0.003315,0.00349,0.00349,65310778.00
6/29/2019,0.003479,0.003486,0.003314,0.003405,0.003405,46594481.00
6/30/2019,0.003418,0.003446,0.003247,0.003258,0.003258,43549174.00
7/1/2019,0.00325,0.003325,0.003093,0.003238,0.003238,42771993.00
7/2/2019,0.003237,0.00336,0.00308,0.003204,0.003204,41581109.00
7/3/2019,0.003207,0.003336,0.003172,0.003313,0.003313,37586127.00
7/4/2019,0.003314,0.003357,0.003131,0.003229,0.003229,36433330.00
7/5/2019,0.003226,0.004471,0.00313,0.003867,0.003867,187924151.00
7/6/2019,0.003872,0.003968,0.00347,0.003547,0.003547,65031784.00
7/7/2019,0.003553,0.003658,0.003495,0.003633,0.003633,44379649.00
7/8/2019,0.003635,0.003644,0.003513,0.003559,0.003559,41682712.00
7/9/2019,0.003556,0.003615,0.003459,0.003549,0.003549,42613827.00
7/10/2019,0.003551,0.0036,0.003364,0.003424,0.003424,49078577.00
7/11/2019,0.003417,0.003426,0.003189,0.003243,0.003243,43609123.00
7/12/2019,0.003241,0.003368,0.003207,0.00334,0.00334,35428239.00
7/13/2019,0.003343,0.003351,0.003174,0.003249,0.003249,27243201.00
7/14/2019,0.00325,0.003259,0.00301,0.003014,0.003014,36339861.00
7/15/2019,0.00302,0.003133,0.002922,0.003092,0.003092,43028086.00
7/16/2019,0.003093,0.003125,0.002802,0.002825,0.002825,40980833.00
7/17/2019,0.002819,0.003177,0.002772,0.00303,0.00303,41838001.00
7/18/2019,0.003031,0.003145,0.002876,0.003121,0.003121,40218356.00
7/19/2019,0.00312,0.003135,0.002971,0.003059,0.003059,20956541.00
7/20/2019,0.003064,0.003187,0.003038,0.003118,0.003118,23424227.00
7/21/2019,0.003118,0.003166,0.002983,0.003076,0.003076,18349874.00
7/22/2019,0.003076,0.0031,0.002966,0.002997,0.002997,19174676.00
7/23/2019,0.003,0.003003,0.002874,0.00288,0.00288,21006916.00
7/24/2019,0.00288,0.002917,0.002816,0.002915,0.002915,23840681.00
7/25/2019,0.00291,0.003018,0.002905,0.002921,0.002921,20653975.00
7/26/2019,0.002921,0.002949,0.002882,0.002921,0.002921,19438979.00
7/27/2019,0.002923,0.00303,0.002797,0.002823,0.002823,20901185.00
7/28/2019,0.002822,0.002887,0.002792,0.002859,0.002859,19878103.00
7/29/2019,0.002859,0.002897,0.002809,0.00284,0.00284,19054200.00
7/30/2019,0.002831,0.002888,0.002801,0.002817,0.002817,16899416.00
7/31/2019,0.002816,0.002908,0.002816,0.002899,0.002899,21310977.00
8/1/2019,0.0029,0.002959,0.00286,0.002957,0.002957,20206543.00
8/2/2019,0.002957,0.002975,0.002897,0.002909,0.002909,18550954.00
8/3/2019,0.002908,0.00296,0.0029,0.002912,0.002912,15813943.00
8/4/2019,0.002913,0.002984,0.002864,0.002938,0.002938,19238655.00
8/5/2019,0.002938,0.003162,0.002936,0.003087,0.003087,31037239.00
8/6/2019,0.003089,0.003316,0.002919,0.00295,0.00295,19786133.00
8/7/2019,0.002951,0.00305,0.002938,0.003006,0.003006,26551305.00
8/8/2019,0.003005,0.003012,0.002858,0.002928,0.002928,16993741.00
8/9/2019,0.002929,0.002933,0.002869,0.002904,0.002904,21528298.00
8/10/2019,0.002905,0.002929,0.002796,0.002842,0.002842,17920883.00
8/11/2019,0.002845,0.002902,0.002839,0.002898,0.002898,16229246.00
8/12/2019,0.002896,0.002901,0.002869,0.00288,0.00288,21554919.00
8/13/2019,0.002883,0.00289,0.002804,0.002825,0.002825,27308535.00
8/14/2019,0.002823,0.00283,0.002715,0.002722,0.002722,34384340.00
8/15/2019,0.00272,0.002753,0.002584,0.00264,0.00264,32124644.00
8/16/2019,0.002641,0.002714,0.002561,0.002681,0.002681,19795789.00
8/17/2019,0.002684,0.00269,0.002619,0.002646,0.002646,18747565.00
8/18/2019,0.002647,0.00273,0.002622,0.002723,0.002723,20832602.00
8/19/2019,0.002723,0.002827,0.002716,0.002797,0.002797,20301072.00
8/20/2019,0.002798,0.002807,0.002714,0.002763,0.002763,19682454.00
8/21/2019,0.002764,0.00277,0.00262,0.002675,0.002675,21056919.00
8/22/2019,0.002676,0.002731,0.002617,0.0027,0.0027,21813055.00
8/23/2019,0.002709,0.002899,0.002657,0.002713,0.002713,21615807.00
8/24/2019,0.002713,0.002725,0.002614,0.002661,0.002661,22299027.00
8/25/2019,0.002663,0.002888,0.002625,0.002662,0.002662,22727727.00
8/26/2019,0.002652,0.002829,0.00264,0.002679,0.002679,22974750.00
8/27/2019,0.00268,0.002788,0.0026,0.00262,0.00262,21250034.00
8/28/2019,0.002622,0.002633,0.002511,0.002524,0.002524,23602879.00
8/29/2019,0.002523,0.002524,0.002392,0.00245,0.00245,28641509.00
8/30/2019,0.002451,0.002487,0.002427,0.002482,0.002482,23809187.00
8/31/2019,0.002482,0.002529,0.002459,0.002511,0.002511,23927277.00
9/1/2019,0.002512,0.002533,0.002443,0.002492,0.002492,22742519.00
9/2/2019,0.002492,0.002616,0.002462,0.002596,0.002596,25999239.00
9/3/2019,0.002598,0.002724,0.00256,0.002595,0.002595,40548612.00
9/4/2019,0.002596,0.002695,0.002541,0.00269,0.00269,27623103.00
9/5/2019,0.00269,0.002692,0.002505,0.002531,0.002531,32285101.00
9/6/2019,0.002529,0.00264,0.00246,0.002509,0.002509,29577777.00
9/7/2019,0.002515,0.002569,0.002479,0.002515,0.002515,34744018.00
9/8/2019,0.002511,0.00256,0.002469,0.002501,0.002501,31506514.00
9/9/2019,0.002509,0.00251,0.002418,0.002461,0.002461,34582212.00
9/10/2019,0.002461,0.002489,0.00241,0.002437,0.002437,29851957.00
9/11/2019,0.002432,0.002451,0.00239,0.002399,0.002399,30308813.00
9/12/2019,0.002398,0.002446,0.002366,0.002425,0.002425,38515673.00
9/13/2019,0.002425,0.002432,0.002398,0.002426,0.002426,34172204.00
9/14/2019,0.002427,0.002451,0.002405,0.002441,0.002441,36253840.00
9/15/2019,0.002443,0.002486,0.002438,0.00246,0.00246,35862686.00
9/16/2019,0.002462,0.002491,0.00243,0.002455,0.002455,31115288.00
9/17/2019,0.002454,0.002615,0.002443,0.002608,0.002608,38934662.00
9/18/2019,0.002607,0.002993,0.002582,0.002719,0.002719,45526972.00
9/19/2019,0.002718,0.002734,0.002589,0.002709,0.002709,46463665.00
9/20/2019,0.00271,0.002716,0.002645,0.002672,0.002672,45337416.00
9/21/2019,0.002667,0.002672,0.002556,0.002586,0.002586,47801585.00
9/22/2019,0.002595,0.002609,0.002546,0.002592,0.002592,37997883.00
9/23/2019,0.002587,0.0026,0.002482,0.002486,0.002486,35603401.00
9/24/2019,0.002489,0.002502,0.002077,0.002228,0.002228,56048353.00
9/25/2019,0.002229,0.002243,0.00211,0.002197,0.002197,58992978.00
9/26/2019,0.002202,0.002229,0.002076,0.002155,0.002155,46965571.00
9/27/2019,0.002155,0.002228,0.002121,0.002221,0.002221,47659680.00
9/28/2019,0.002222,0.002248,0.002202,0.002234,0.002234,36239557.00
9/29/2019,0.002238,0.002336,0.002185,0.002223,0.002223,41861530.00
9/30/2019,0.002227,0.002416,0.002171,0.002387,0.002387,56920760.00
10/1/2019,0.002393,0.002497,0.002381,0.002388,0.002388,40563787.00
10/2/2019,0.002391,0.002411,0.002314,0.002351,0.002351,42121830.00
10/3/2019,0.002349,0.002365,0.00229,0.002325,0.002325,36788344.00
10/4/2019,0.002323,0.002363,0.002283,0.00236,0.00236,42842902.00
10/5/2019,0.002355,0.002377,0.002307,0.002322,0.002322,39360096.00
10/6/2019,0.002323,0.002362,0.00229,0.002346,0.002346,40093923.00
10/7/2019,0.002342,0.002408,0.002305,0.00239,0.00239,48117979.00
10/8/2019,0.00239,0.002418,0.002324,0.002346,0.002346,49622640.00
10/9/2019,0.00234,0.002402,0.002317,0.002388,0.002388,39868870.00
10/10/2019,0.002392,0.0024,0.00233,0.002332,0.002332,49414270.00
10/11/2019,0.002332,0.002383,0.00229,0.002345,0.002345,40769657.00
10/12/2019,0.002328,0.002383,0.00231,0.00234,0.00234,45487600.00
10/13/2019,0.002339,0.002618,0.002323,0.002447,0.002447,63249479.00
10/14/2019,0.002449,0.002636,0.002428,0.002545,0.002545,62460324.00
10/15/2019,0.002546,0.002565,0.002495,0.00251,0.00251,50979959.00
10/16/2019,0.002509,0.002619,0.002506,0.002607,0.002607,50405533.00
10/17/2019,0.002604,0.002932,0.00259,0.002755,0.002755,69269500.00
10/18/2019,0.002757,0.002863,0.002668,0.002706,0.002706,60909633.00
10/19/2019,0.002704,0.002795,0.002668,0.002743,0.002743,69804524.00
10/20/2019,0.002742,0.002775,0.002685,0.00273,0.00273,73744712.00
10/21/2019,0.002732,0.002813,0.002618,0.002774,0.002774,82888436.00
10/22/2019,0.002773,0.002776,0.00256,0.002565,0.002565,75521553.00
10/23/2019,0.002564,0.002587,0.002389,0.002495,0.002495,79141247.00
10/24/2019,0.002491,0.002553,0.002451,0.002538,0.002538,81190106.00
10/25/2019,0.002539,0.002714,0.002502,0.002684,0.002684,98533278.00
10/26/2019,0.002684,0.002858,0.002591,0.002622,0.002622,118574429.00
10/27/2019,0.002621,0.002747,0.002595,0.002654,0.002654,99551356.00
10/28/2019,0.002656,0.002722,0.002629,0.002646,0.002646,92231650.00
10/29/2019,0.002647,0.002728,0.002644,0.002655,0.002655,84394749.00
10/30/2019,0.002656,0.002682,0.002597,0.002616,0.002616,88132224.00
10/31/2019,0.002618,0.002675,0.002586,0.002615,0.002615,72101942.00
11/1/2019,0.002617,0.002639,0.002591,0.00263,0.00263,78282711.00
11/2/2019,0.002631,0.002651,0.002597,0.002627,0.002627,63232423.00
11/3/2019,0.002627,0.002674,0.002622,0.002637,0.002637,57894711.00
11/4/2019,0.002635,0.002645,0.00259,0.002614,0.002614,64040500.00
11/5/2019,0.002613,0.002651,0.002575,0.002624,0.002624,78458702.00
11/6/2019,0.002623,0.00265,0.002615,0.002628,0.002628,88212203.00
11/7/2019,0.002628,0.002734,0.002608,0.002725,0.002725,97141368.00
11/8/2019,0.002723,0.002731,0.002603,0.002653,0.002653,88039087.00
11/9/2019,0.002654,0.002742,0.00265,0.002713,0.002713,93120071.00
11/10/2019,0.002712,0.002785,0.002687,0.002775,0.002775,96734959.00
11/11/2019,0.002775,0.00278,0.002669,0.002715,0.002715,84608148.00
11/12/2019,0.002714,0.002735,0.002679,0.002725,0.002725,72506822.00
11/13/2019,0.002723,0.002725,0.002665,0.002698,0.002698,80974477.00
11/14/2019,0.002694,0.002698,0.002642,0.00268,0.00268,77359949.00
11/15/2019,0.002682,0.002689,0.002609,0.002657,0.002657,78888251.00
11/16/2019,0.002657,0.002675,0.002636,0.002669,0.002669,71531457.00
11/17/2019,0.002669,0.002718,0.002641,0.002648,0.002648,74498787.00
11/18/2019,0.002648,0.002715,0.002549,0.002576,0.002576,72521449.00
11/19/2019,0.002576,0.002608,0.002519,0.002548,0.002548,85557575.00
11/20/2019,0.002548,0.002698,0.002543,0.002556,0.002556,77286260.00
11/21/2019,0.002555,0.002566,0.002378,0.002426,0.002426,95999426.00
11/22/2019,0.002426,0.002519,0.002239,0.002362,0.002362,109619351.00
11/23/2019,0.002364,0.002507,0.002327,0.002505,0.002505,112247814.00
11/24/2019,0.002509,0.00251,0.002298,0.002365,0.002365,101469803.00
11/25/2019,0.002369,0.002369,0.002128,0.002286,0.002286,129591062.00
11/26/2019,0.002287,0.002342,0.002265,0.002291,0.002291,100273990.00
11/27/2019,0.002291,0.002358,0.002229,0.002339,0.002339,100345294.00
11/28/2019,0.002337,0.00238,0.002313,0.002313,0.002313,97959428.00
11/29/2019,0.002315,0.002458,0.002305,0.002456,0.002456,97859845.00
11/30/2019,0.002456,0.002474,0.002314,0.00232,0.00232,89565611.00
12/1/2019,0.00232,0.002394,0.002257,0.002292,0.002292,77007809.00
12/2/2019,0.002293,0.002312,0.002204,0.002235,0.002235,66782510.00
12/3/2019,0.002234,0.002256,0.002167,0.002217,0.002217,62508732.00
12/4/2019,0.002217,0.002241,0.002165,0.002208,0.002208,73151442.00
12/5/2019,0.002209,0.002305,0.002172,0.002223,0.002223,66757792.00
12/6/2019,0.002221,0.00228,0.00218,0.002226,0.002226,66932958.00
12/7/2019,0.00223,0.002248,0.002201,0.00223,0.00223,62933099.00
12/8/2019,0.00223,0.002341,0.002207,0.002238,0.002238,55442239.00
12/9/2019,0.002237,0.002251,0.002198,0.002208,0.002208,62696753.00
12/10/2019,0.002208,0.002222,0.002185,0.002204,0.002204,69802464.00
12/11/2019,0.002202,0.00224,0.002181,0.002185,0.002185,64108062.00
12/12/2019,0.002185,0.002198,0.002167,0.002188,0.002188,66238690.00
12/13/2019,0.002187,0.002208,0.002165,0.002175,0.002175,65851726.00
12/14/2019,0.002175,0.002204,0.00215,0.00217,0.00217,71849717.00
12/15/2019,0.002171,0.002171,0.00208,0.002154,0.002154,66491990.00
12/16/2019,0.002154,0.002184,0.002112,0.002121,0.002121,68370095.00
12/17/2019,0.00212,0.002152,0.001997,0.002018,0.002018,85349928.00
12/18/2019,0.002025,0.002192,0.002008,0.002183,0.002183,98147109.00
12/19/2019,0.002182,0.002199,0.002049,0.002123,0.002123,79064574.00
12/20/2019,0.002127,0.002141,0.002048,0.002075,0.002075,67083802.00
12/21/2019,0.002077,0.002088,0.002044,0.002084,0.002084,66682998.00
12/22/2019,0.002082,0.00212,0.00207,0.002115,0.002115,70976748.00
12/23/2019,0.002113,0.002137,0.002055,0.002073,0.002073,77708509.00
12/24/2019,0.002073,0.002114,0.002052,0.002073,0.002073,71860410.00
12/25/2019,0.002072,0.002098,0.002036,0.002088,0.002088,79207264.00
12/26/2019,0.002086,0.002098,0.002047,0.002058,0.002058,71906467.00
12/27/2019,0.002059,0.002075,0.002032,0.002053,0.002053,75486740.00
12/28/2019,0.002053,0.00209,0.002051,0.002064,0.002064,64539193.00
12/29/2019,0.002063,0.002114,0.002056,0.002068,0.002068,67109832.00
12/30/2019,0.00207,0.002077,0.002043,0.002054,0.002054,73171188.00
12/31/2019,0.002056,0.002056,0.002022,0.002028,0.002028,69469785.00
1/1/2020,0.002028,0.002052,0.002021,0.002033,0.002033,51180941.00
1/2/2020,0.002034,0.00211,0.001983,0.002009,0.002009,65071106.00
1/3/2020,0.002008,0.002177,0.001991,0.002145,0.002145,62619988.00
1/4/2020,0.002144,0.00249,0.00205,0.002241,0.002241,94227582.00
1/5/2020,0.00224,0.002491,0.002117,0.002419,0.002419,52631740.00
1/6/2020,0.002418,0.002564,0.002379,0.002463,0.002463,54562409.00
1/7/2020,0.002485,0.002497,0.002354,0.002433,0.002433,52767343.00
1/8/2020,0.002433,0.002465,0.002265,0.002293,0.002293,77251526.00
1/9/2020,0.002291,0.002314,0.002145,0.002256,0.002256,70690571.00
1/10/2020,0.002255,0.002361,0.002199,0.002356,0.002356,87683356.00
1/11/2020,0.002351,0.002373,0.002296,0.002314,0.002314,94203409.00
1/12/2020,0.002313,0.002413,0.002313,0.002381,0.002381,79426215.00
1/13/2020,0.002381,0.002407,0.002327,0.002358,0.002358,83849846.00
1/14/2020,0.002358,0.002514,0.00234,0.00247,0.00247,128635383.00
1/15/2020,0.002468,0.002541,0.002363,0.002369,0.002369,128940321.00
1/16/2020,0.002372,0.002424,0.002293,0.002345,0.002345,98124199.00
1/17/2020,0.002346,0.002516,0.00231,0.00249,0.00249,117752841.00
1/18/2020,0.00249,0.002538,0.002452,0.002507,0.002507,108133943.00
1/19/2020,0.002514,0.00257,0.002359,0.002405,0.002405,108085147.00
1/20/2020,0.002405,0.002423,0.002359,0.002374,0.002374,92022277.00
1/21/2020,0.002374,0.002403,0.002335,0.002376,0.002376,84321565.00
1/22/2020,0.002376,0.002399,0.00232,0.002323,0.002323,82852580.00
1/23/2020,0.002323,0.002358,0.002238,0.002268,0.002268,91866620.00
1/24/2020,0.002268,0.002293,0.002211,0.002276,0.002276,86865882.00
1/25/2020,0.002276,0.002276,0.002235,0.002257,0.002257,82421399.00
1/26/2020,0.002258,0.002307,0.00224,0.002305,0.002305,73458474.00
1/27/2020,0.002304,0.002413,0.002283,0.002368,0.002368,89023414.00
1/28/2020,0.002365,0.00245,0.002363,0.00245,0.00245,91528771.00
1/29/2020,0.002451,0.002471,0.00239,0.00239,0.00239,80676219.00
1/30/2020,0.002391,0.002446,0.002371,0.00244,0.00244,83967914.00
1/31/2020,0.00244,0.002458,0.002369,0.002394,0.002394,76519295.00
2/1/2020,0.002391,0.002431,0.002382,0.002422,0.002422,78730830.00
2/2/2020,0.002421,0.002506,0.002395,0.002468,0.002468,91552515.00
2/3/2020,0.002466,0.002517,0.002427,0.00244,0.00244,78856631.00
2/4/2020,0.002438,0.002503,0.002402,0.002503,0.002503,89790002.00
2/5/2020,0.002503,0.00263,0.002492,0.002582,0.002582,105741619.00
2/6/2020,0.002583,0.002677,0.002574,0.002653,0.002653,108711614.00
2/7/2020,0.002654,0.00277,0.002647,0.002769,0.002769,130273878.00
2/8/2020,0.002767,0.003209,0.002722,0.003159,0.003159,203803814.00
2/9/2020,0.003156,0.003531,0.003152,0.003232,0.003232,218861527.00
2/10/2020,0.003234,0.003303,0.002904,0.002986,0.002986,195582003.00
2/11/2020,0.003011,0.003085,0.002864,0.003041,0.003041,169747135.00
2/12/2020,0.003041,0.003173,0.003013,0.003093,0.003093,181406960.00
2/13/2020,0.003064,0.003216,0.002973,0.003026,0.003026,168543942.00
2/14/2020,0.002999,0.003147,0.002981,0.00313,0.00313,140849233.00
2/15/2020,0.003098,0.003181,0.002839,0.00292,0.00292,144726029.00
2/16/2020,0.002917,0.002965,0.002626,0.002774,0.002774,149831933.00
2/17/2020,0.00274,0.002772,0.002547,0.002712,0.002712,149622002.00
2/18/2020,0.002677,0.002846,0.002655,0.002839,0.002839,144188844.00
2/19/2020,0.002839,0.002874,0.002624,0.002624,0.002624,136889052.00
2/20/2020,0.002625,0.002673,0.002569,0.002659,0.002659,187866681.00
2/21/2020,0.002656,0.002703,0.002614,0.002648,0.002648,157652567.00
2/22/2020,0.00265,0.002655,0.002577,0.002601,0.002601,156145895.00
2/23/2020,0.0026,0.002682,0.002596,0.00268,0.00268,180747902.00
2/24/2020,0.002679,0.002687,0.002557,0.00259,0.00259,159143744.00
2/25/2020,0.00259,0.002591,0.002436,0.002476,0.002476,178541404.00
2/26/2020,0.002475,0.002487,0.002211,0.002339,0.002339,201370789.00
2/27/2020,0.002337,0.002403,0.002298,0.002324,0.002324,162813946.00
2/28/2020,0.002323,0.002373,0.002226,0.002289,0.002289,153544453.00
2/29/2020,0.002286,0.00232,0.00223,0.002235,0.002235,146635830.00
3/1/2020,0.002233,0.002297,0.002223,0.002275,0.002275,162437207.00
3/2/2020,0.002278,0.00237,0.002256,0.002349,0.002349,165788612.00
3/3/2020,0.002348,0.002525,0.002316,0.002499,0.002499,174988479.00
3/4/2020,0.0025,0.002508,0.002367,0.002398,0.002398,144601436.00
3/5/2020,0.002399,0.002531,0.002395,0.002506,0.002506,104912777.00
3/6/2020,0.002504,0.002517,0.002447,0.002496,0.002496,100268192.00
3/7/2020,0.002501,0.002513,0.002401,0.002405,0.002405,88138038.00
3/8/2020,0.002406,0.002408,0.002184,0.002187,0.002187,101738284.00
3/9/2020,0.002189,0.002236,0.002107,0.002214,0.002214,137033008.00
3/10/2020,0.002217,0.002263,0.002166,0.002207,0.002207,115431584.00
3/11/2020,0.002208,0.002228,0.002099,0.002184,0.002184,107425626.00
3/12/2020,0.002183,0.002188,0.001535,0.001537,0.001537,167892774.00
3/13/2020,0.00154,0.001799,0.001247,0.001738,0.001738,218676976.00
3/14/2020,0.001737,0.001784,0.00164,0.001666,0.001666,113389101.00
3/15/2020,0.001664,0.001819,0.001655,0.001685,0.001685,119811060.00
3/16/2020,0.001684,0.001699,0.001453,0.001587,0.001587,134329668.00
3/17/2020,0.001591,0.001677,0.001558,0.001587,0.001587,102697604.00
3/18/2020,0.00159,0.001612,0.001552,0.001566,0.001566,102196814.00
3/19/2020,0.001566,0.001844,0.001562,0.001773,0.001773,251888350.00
3/20/2020,0.001771,0.001931,0.001679,0.001773,0.001773,188170528.00
3/21/2020,0.001771,0.001851,0.001693,0.001785,0.001785,166141811.00
3/22/2020,0.001785,0.001868,0.001719,0.001731,0.001731,161287088.00
3/23/2020,0.001727,0.001817,0.001692,0.001805,0.001805,166551897.00
3/24/2020,0.001805,0.001912,0.001799,0.001851,0.001851,177134005.00
3/25/2020,0.001852,0.00189,0.001799,0.001834,0.001834,163367839.00
3/26/2020,0.001833,0.001872,0.001827,0.001842,0.001842,162455890.00
3/27/2020,0.001843,0.001868,0.001804,0.001807,0.001807,166326062.00
3/28/2020,0.001805,0.001808,0.001716,0.001778,0.001778,169979142.00
3/29/2020,0.001777,0.001805,0.001717,0.001723,0.001723,156619235.00
3/30/2020,0.001723,0.001868,0.001717,0.001831,0.001831,163244392.00
3/31/2020,0.001851,0.001851,0.001805,0.001811,0.001811,156195510.00
4/1/2020,0.001812,0.001867,0.001776,0.001867,0.001867,163418627.00
4/2/2020,0.001868,0.00194,0.00185,0.001882,0.001882,165879605.00
4/3/2020,0.001883,0.001916,0.001834,0.001853,0.001853,161121845.00
4/4/2020,0.001853,0.00191,0.001841,0.00188,0.00188,160849686.00
4/5/2020,0.00188,0.001909,0.001847,0.001865,0.001865,152557918.00
4/6/2020,0.001866,0.001983,0.001852,0.00198,0.00198,173173223.00
4/7/2020,0.001972,0.00203,0.001934,0.001997,0.001997,129399793.00
4/8/2020,0.001986,0.002044,0.00196,0.002012,0.002012,116283369.00
4/9/2020,0.002013,0.002033,0.001985,0.002021,0.002021,109954538.00
4/10/2020,0.002021,0.002023,0.001891,0.001968,0.001968,122108790.00
4/11/2020,0.001968,0.002004,0.001941,0.00199,0.00199,161367396.00
4/12/2020,0.001989,0.002009,0.001951,0.00199,0.00199,169892709.00
4/13/2020,0.00199,0.00199,0.001894,0.001959,0.001959,167357650.00
4/14/2020,0.001958,0.00198,0.001935,0.001964,0.001964,188937615.00
4/15/2020,0.001963,0.001975,0.001906,0.00194,0.00194,169903672.00
4/16/2020,0.001941,0.002029,0.001886,0.002028,0.002028,179859738.00
4/17/2020,0.002028,0.002029,0.001992,0.002013,0.002013,161550208.00
4/18/2020,0.002013,0.002062,0.002007,0.002061,0.002061,168186509.00
4/19/2020,0.00206,0.002073,0.002028,0.002058,0.002058,172576560.00
4/20/2020,0.002058,0.002066,0.001962,0.001982,0.001982,169715146.00
4/21/2020,0.001982,0.002032,0.001952,0.001971,0.001971,163652750.00
4/22/2020,0.001971,0.002033,0.001964,0.002011,0.002011,163753943.00
4/23/2020,0.002011,0.002123,0.002005,0.002047,0.002047,179000350.00
4/24/2020,0.002047,0.002121,0.002042,0.002103,0.002103,209562151.00
4/25/2020,0.002102,0.002146,0.002087,0.002142,0.002142,229810398.00
4/26/2020,0.002141,0.002444,0.002136,0.002409,0.002409,287859775.00
4/27/2020,0.00241,0.002414,0.002308,0.002355,0.002355,276033020.00
4/28/2020,0.002354,0.002372,0.002322,0.002339,0.002339,254905520.00
4/29/2020,0.002339,0.002542,0.002331,0.002517,0.002517,295698249.00
4/30/2020,0.002517,0.002689,0.002392,0.002443,0.002443,298563815.00
5/1/2020,0.002444,0.002559,0.002441,0.002494,0.002494,282886977.00
5/2/2020,0.002495,0.002553,0.002473,0.002549,0.002549,269155283.00
5/3/2020,0.002548,0.002583,0.00248,0.00251,0.00251,265156925.00
5/4/2020,0.002511,0.002519,0.002389,0.002481,0.002481,261454253.00
5/5/2020,0.002481,0.002521,0.002449,0.002484,0.002484,245861118.00
5/6/2020,0.002483,0.002583,0.002473,0.002529,0.002529,251393346.00
5/7/2020,0.002518,0.002678,0.002479,0.002664,0.002664,284491226.00
5/8/2020,0.002659,0.002672,0.002594,0.002625,0.002625,291757355.00
5/9/2020,0.002622,0.002634,0.002565,0.002613,0.002613,294993696.00
5/10/2020,0.002611,0.002613,0.00236,0.002459,0.002459,290801097.00
5/11/2020,0.002457,0.002512,0.002338,0.002413,0.002413,277646033.00
5/12/2020,0.002413,0.002513,0.002406,0.002463,0.002463,262934538.00
5/13/2020,0.002464,0.002528,0.002458,0.002521,0.002521,265878080.00
5/14/2020,0.002518,0.002623,0.002512,0.002574,0.002574,283778649.00
5/15/2020,0.002574,0.002577,0.002487,0.002506,0.002506,261080156.00
5/16/2020,0.002507,0.002534,0.002484,0.002513,0.002513,254666485.00
5/17/2020,0.002512,0.002578,0.002509,0.002538,0.002538,258469067.00
5/18/2020,0.002537,0.002587,0.002513,0.002543,0.002543,265626959.00
5/19/2020,0.002544,0.002565,0.002501,0.002538,0.002538,182890489.00
5/20/2020,0.002539,0.002563,0.002487,0.002508,0.002508,178925411.00
5/21/2020,0.00251,0.002549,0.002423,0.002485,0.002485,200924557.00
5/22/2020,0.002486,0.002543,0.002473,0.002533,0.002533,215355485.00
5/23/2020,0.002533,0.002565,0.002499,0.002544,0.002544,208878705.00
5/24/2020,0.002544,0.002561,0.002451,0.002458,0.002458,186657328.00
5/25/2020,0.002456,0.002546,0.002435,0.00254,0.00254,214669452.00
5/26/2020,0.002539,0.002542,0.002472,0.002486,0.002486,185485979.00
5/27/2020,0.002486,0.002529,0.002472,0.00251,0.00251,186186772.00
5/28/2020,0.002512,0.002559,0.002495,0.002524,0.002524,220213442.00
5/29/2020,0.002524,0.002549,0.002504,0.002532,0.002532,200485433.00
5/30/2020,0.002531,0.002626,0.002523,0.002615,0.002615,200708874.00
5/31/2020,0.002615,0.002617,0.002549,0.002555,0.002555,188184731.00
6/1/2020,0.002555,0.002662,0.002553,0.002647,0.002647,195748335.00
6/2/2020,0.002647,0.002655,0.00252,0.002561,0.002561,200119264.00
6/3/2020,0.002562,0.002598,0.002546,0.002583,0.002583,190021630.00
6/4/2020,0.002583,0.002669,0.002571,0.002631,0.002631,194078582.00
6/5/2020,0.002632,0.002634,0.00258,0.002596,0.002596,188846627.00
6/6/2020,0.002595,0.002606,0.002566,0.002587,0.002587,175988365.00
6/7/2020,0.002587,0.002609,0.002558,0.002606,0.002606,188151455.00
6/8/2020,0.002606,0.002607,0.002561,0.002584,0.002584,187140783.00
6/9/2020,0.002584,0.002587,0.002517,0.002569,0.002569,175910197.00
6/10/2020,0.002569,0.002595,0.002553,0.002584,0.002584,182748021.00
6/11/2020,0.002584,0.002602,0.002429,0.002452,0.002452,183212798.00
6/12/2020,0.002455,0.002533,0.002447,0.00252,0.00252,194920048.00
6/13/2020,0.00252,0.002541,0.002501,0.002533,0.002533,188981850.00
6/14/2020,0.002533,0.002554,0.002501,0.002511,0.002511,173334481.00
6/15/2020,0.00251,0.002516,0.002407,0.002479,0.002479,198803041.00
6/16/2020,0.002479,0.00253,0.002434,0.002487,0.002487,196212619.00
6/17/2020,0.00249,0.002492,0.002458,0.002485,0.002485,185083517.00
6/18/2020,0.002485,0.002493,0.002447,0.002472,0.002472,171388606.00
6/19/2020,0.002471,0.002472,0.00243,0.002435,0.002435,173280984.00
6/20/2020,0.002435,0.002466,0.002419,0.002447,0.002447,158275082.00
6/21/2020,0.002447,0.002478,0.002441,0.002447,0.002447,169917761.00
6/22/2020,0.002447,0.002495,0.002443,0.002474,0.002474,173530825.00
6/23/2020,0.002474,0.002492,0.002457,0.002484,0.002484,171604774.00
6/24/2020,0.002483,0.002497,0.002389,0.00243,0.00243,178380748.00
6/25/2020,0.00243,0.002433,0.00239,0.002417,0.002417,160003354.00
6/26/2020,0.002417,0.002427,0.002359,0.002359,0.002359,151319087.00
6/27/2020,0.002359,0.002379,0.002294,0.002313,0.002313,152534000.00
6/28/2020,0.002313,0.002361,0.002283,0.002326,0.002326,172693834.00
6/29/2020,0.002326,0.002341,0.002301,0.002313,0.002313,172655788.00
6/30/2020,0.002311,0.00234,0.002297,0.00232,0.00232,165641131.00
7/1/2020,0.00232,0.002376,0.002301,0.002354,0.002354,152549214.00
7/2/2020,0.00233,0.002382,0.002302,0.002361,0.002361,110789127.00
7/3/2020,0.002361,0.002366,0.002304,0.002316,0.002316,111575143.00
7/4/2020,0.002315,0.00234,0.002289,0.002309,0.002309,109218071.00
7/5/2020,0.002307,0.002327,0.002277,0.002309,0.002309,110140542.00
7/6/2020,0.002309,0.002624,0.002302,0.002616,0.002616,132105139.00
7/7/2020,0.002614,0.003259,0.0026,0.00309,0.00309,283970310.00
7/8/2020,0.003097,0.00542,0.003061,0.00475,0.00475,1226813925.00
7/9/2020,0.004732,0.005014,0.004148,0.004397,0.004397,511315527.00
7/10/2020,0.004394,0.004394,0.003438,0.003515,0.003515,225424869.00
7/11/2020,0.003528,0.00392,0.003476,0.003811,0.003811,155299369.00
7/12/2020,0.003811,0.003844,0.003614,0.00363,0.00363,87562043.00
7/13/2020,0.00363,0.003636,0.003059,0.003178,0.003178,143177055.00
7/14/2020,0.003169,0.003369,0.003061,0.003294,0.003294,103213409.00
7/15/2020,0.003287,0.003303,0.003074,0.003085,0.003085,69399827.00
7/16/2020,0.003086,0.003098,0.002893,0.002995,0.002995,78457844.00
7/17/2020,0.002991,0.003084,0.002937,0.003061,0.003061,74705371.00
7/18/2020,0.00306,0.003629,0.003031,0.003473,0.003473,204080851.00
7/19/2020,0.003464,0.003753,0.003329,0.003382,0.003382,116746163.00
7/20/2020,0.003383,0.003433,0.003167,0.003239,0.003239,81038624.00
7/21/2020,0.003232,0.003309,0.003187,0.003305,0.003305,77748189.00
7/22/2020,0.003302,0.003304,0.003221,0.003285,0.003285,54443238.00
7/23/2020,0.003283,0.003321,0.003265,0.003295,0.003295,58737115.00
7/24/2020,0.003295,0.003323,0.003177,0.00322,0.00322,58910215.00
7/25/2020,0.003219,0.003295,0.003189,0.003234,0.003234,63203396.00
7/26/2020,0.003238,0.00327,0.003184,0.003235,0.003235,62592233.00
7/27/2020,0.003234,0.003243,0.00304,0.003153,0.003153,83138808.00
7/28/2020,0.003155,0.003219,0.003132,0.003197,0.003197,63084930.00
7/29/2020,0.003198,0.003262,0.003175,0.003192,0.003192,55817191.00
7/30/2020,0.003192,0.003244,0.003163,0.003231,0.003231,53506822.00
7/31/2020,0.003229,0.00324,0.003181,0.003225,0.003225,54497306.00
8/1/2020,0.003225,0.003797,0.003203,0.003689,0.003689,150687884.00
8/2/2020,0.003696,0.003736,0.003266,0.003336,0.003336,101249531.00
8/3/2020,0.003336,0.003441,0.003308,0.003389,0.003389,66931510.00
8/4/2020,0.003389,0.003561,0.003376,0.003535,0.003535,74386428.00
8/5/2020,0.003543,0.003577,0.003485,0.003513,0.003513,66465690.00
8/6/2020,0.003517,0.003636,0.003461,0.00356,0.00356,62944678.00
8/7/2020,0.003563,0.003611,0.003425,0.003533,0.003533,68990009.00
8/8/2020,0.003534,0.003536,0.003453,0.00351,0.00351,62509900.00
8/9/2020,0.003508,0.003533,0.00343,0.003463,0.003463,57020040.00
8/10/2020,0.003468,0.003557,0.003454,0.003499,0.003499,68038181.00
8/11/2020,0.003495,0.003571,0.003346,0.003394,0.003394,78539442.00
8/12/2020,0.003397,0.003534,0.003341,0.003484,0.003484,70865885.00
8/13/2020,0.003483,0.003549,0.003365,0.003517,0.003517,73302994.00
8/14/2020,0.003514,0.003579,0.003476,0.003561,0.003561,61334640.00
8/15/2020,0.003563,0.003607,0.0035,0.003539,0.003539,64309678.00
8/16/2020,0.00354,0.003552,0.003469,0.003524,0.003524,52637926.00
8/17/2020,0.003524,0.003718,0.0035,0.003591,0.003591,77628715.00
8/18/2020,0.003593,0.003709,0.003483,0.003514,0.003514,62570291.00
8/19/2020,0.003508,0.003538,0.003368,0.003424,0.003424,53306857.00
8/20/2020,0.003424,0.003499,0.00339,0.003459,0.003459,43536656.00
8/21/2020,0.003457,0.003554,0.003389,0.003393,0.003393,60621268.00
8/22/2020,0.003392,0.003447,0.003354,0.003442,0.003442,44884852.00
8/23/2020,0.003438,0.003453,0.003388,0.003414,0.003414,39485548.00
8/24/2020,0.00341,0.003465,0.003386,0.003418,0.003418,46470522.00
8/25/2020,0.003418,0.003434,0.003239,0.003305,0.003305,76826314.00
8/26/2020,0.003301,0.003345,0.003251,0.003303,0.003303,80416711.00
8/27/2020,0.0033,0.003314,0.003165,0.003203,0.003203,89847093.00
8/28/2020,0.003203,0.003271,0.003182,0.003268,0.003268,64056957.00
8/29/2020,0.003267,0.003301,0.003242,0.003282,0.003282,78149363.00
8/30/2020,0.003284,0.003344,0.003274,0.0033,0.0033,79325829.00
8/31/2020,0.003301,0.003308,0.003204,0.003221,0.003221,85369757.00
9/1/2020,0.00322,0.003281,0.003194,0.003256,0.003256,81863764.00
9/2/2020,0.003258,0.003266,0.003065,0.003122,0.003122,56647412.00
9/3/2020,0.003122,0.003134,0.00279,0.002802,0.002802,59904548.00
9/4/2020,0.002799,0.002958,0.002753,0.002899,0.002899,53434717.00
9/5/2020,0.0029,0.002934,0.00272,0.002758,0.002758,62295889.00
9/6/2020,0.002758,0.002814,0.002704,0.002787,0.002787,89557154.00
9/7/2020,0.002787,0.002832,0.002708,0.002811,0.002811,102610335.00
9/8/2020,0.00282,0.002834,0.0027,0.002756,0.002756,57144396.00
9/9/2020,0.002758,0.002807,0.002704,0.002779,0.002779,77050464.00
9/10/2020,0.002792,0.002859,0.002752,0.002805,0.002805,104276032.00
9/11/2020,0.002805,0.002825,0.002742,0.002806,0.002806,134077501.00
9/12/2020,0.002802,0.002831,0.002781,0.002819,0.002819,117125272.00
9/13/2020,0.002819,0.002824,0.002746,0.002776,0.002776,124253232.00
9/14/2020,0.002776,0.002843,0.002742,0.002803,0.002803,128520946.00
9/15/2020,0.002799,0.002878,0.002785,0.002832,0.002832,100194174.00
9/16/2020,0.002831,0.002859,0.002791,0.002826,0.002826,148555505.00
9/17/2020,0.002824,0.002859,0.002781,0.002814,0.002814,161305349.00
9/18/2020,0.002814,0.002825,0.002749,0.002804,0.002804,147868185.00
9/19/2020,0.002796,0.002814,0.002773,0.002794,0.002794,147046520.00
9/20/2020,0.002794,0.002806,0.002722,0.002778,0.002778,145951917.00
9/21/2020,0.002778,0.002802,0.002616,0.00263,0.00263,78753428.00
9/22/2020,0.002625,0.002672,0.002604,0.002656,0.002656,36467574.00
9/23/2020,0.002648,0.002651,0.00254,0.00256,0.00256,79707709.00
9/24/2020,0.002557,0.00265,0.002536,0.002628,0.002628,111915974.00
9/25/2020,0.002628,0.002721,0.002616,0.002698,0.002698,124575712.00
9/26/2020,0.002699,0.002753,0.002678,0.002716,0.002716,108180296.00
9/27/2020,0.002697,0.002734,0.002664,0.002692,0.002692,76293172.00
9/28/2020,0.002709,0.00274,0.00264,0.002652,0.002652,102662350.00
9/29/2020,0.002662,0.00271,0.002636,0.002685,0.002685,109463113.00
9/30/2020,0.002683,0.002685,0.002617,0.00263,0.00263,106684832.00
10/1/2020,0.002631,0.002682,0.002584,0.002616,0.002616,116194992.00
10/2/2020,0.002614,0.002628,0.002539,0.002583,0.002583,128239855.00
10/3/2020,0.002583,0.00264,0.002574,0.002599,0.002599,116046378.00
10/4/2020,0.002606,0.002682,0.00259,0.002635,0.002635,92364518.00
10/5/2020,0.002632,0.002662,0.002599,0.002612,0.002612,127881032.00
10/6/2020,0.002612,0.002628,0.002574,0.002611,0.002611,105669881.00
10/7/2020,0.002593,0.002612,0.002565,0.002595,0.002595,125523508.00
10/8/2020,0.002584,0.002631,0.00256,0.002596,0.002596,109356096.00
10/9/2020,0.002616,0.002667,0.002595,0.002653,0.002653,100051523.00
10/10/2020,0.002654,0.002716,0.002654,0.002655,0.002655,96632426.00
10/11/2020,0.002667,0.002706,0.002649,0.002674,0.002674,107632465.00
10/12/2020,0.002674,0.002708,0.002629,0.002673,0.002673,101246789.00
10/13/2020,0.002667,0.002677,0.002627,0.002635,0.002635,76963142.00
10/14/2020,0.002634,0.002653,0.002618,0.002637,0.002637,87293434.00
10/15/2020,0.00265,0.002651,0.002569,0.002593,0.002593,83794207.00
10/16/2020,0.002595,0.002616,0.002557,0.002612,0.002612,117882236.00
10/17/2020,0.002603,0.002612,0.002573,0.002581,0.002581,125692391.00
10/18/2020,0.002581,0.002601,0.002577,0.002586,0.002586,72298803.00
10/19/2020,0.002595,0.002619,0.002572,0.00259,0.00259,91049562.00
10/20/2020,0.00259,0.002623,0.002581,0.002601,0.002601,65577101.00
10/21/2020,0.0026,0.002657,0.002594,0.00263,0.00263,45017115.00
10/22/2020,0.002627,0.002689,0.002624,0.002655,0.002655,44976453.00
10/23/2020,0.002649,0.002691,0.002637,0.002647,0.002647,46856082.00
10/24/2020,0.002647,0.002653,0.002624,0.002646,0.002646,44797614.00
10/25/2020,0.002645,0.002676,0.002624,0.002653,0.002653,58532388.00
10/26/2020,0.002653,0.002893,0.002636,0.002679,0.002679,122152251.00
10/27/2020,0.002679,0.002708,0.00263,0.002677,0.002677,78927089.00
10/28/2020,0.002677,0.002697,0.002575,0.002595,0.002595,72848720.00
10/29/2020,0.002595,0.002623,0.002518,0.002581,0.002581,58929515.00
10/30/2020,0.002581,0.002607,0.002533,0.002598,0.002598,63444097.00
10/31/2020,0.002598,0.002603,0.002556,0.002576,0.002576,56189318.00
11/1/2020,0.002576,0.00259,0.002561,0.002582,0.002582,45528682.00
11/2/2020,0.002582,0.002592,0.002515,0.002517,0.002517,50142376.00
11/3/2020,0.002517,0.00253,0.002452,0.002528,0.002528,62871653.00
11/4/2020,0.002528,0.002558,0.002497,0.002533,0.002533,52552651.00
11/5/2020,0.002533,0.002639,0.002496,0.002617,0.002617,31611963.00
11/6/2020,0.002617,0.002801,0.002608,0.00276,0.00276,54267546.00
11/7/2020,0.00276,0.002819,0.002612,0.002671,0.002671,44610219.00
11/8/2020,0.002671,0.002742,0.002658,0.002711,0.002711,22754531.00
11/9/2020,0.002711,0.002786,0.002663,0.00267,0.00267,28124348.00
11/10/2020,0.00267,0.002851,0.002655,0.002753,0.002753,39633173.00
11/11/2020,0.002753,0.002837,0.002753,0.002769,0.002769,33138759.00
11/12/2020,0.002769,0.002791,0.002747,0.002779,0.002779,24028261.00
11/13/2020,0.002779,0.002836,0.002777,0.002821,0.002821,29217750.00
11/14/2020,0.002821,0.002821,0.002721,0.002773,0.002773,30334380.00
11/15/2020,0.002773,0.002813,0.002739,0.002775,0.002775,25131683.00
11/16/2020,0.002775,0.003009,0.002757,0.002886,0.002886,52063283.00
11/17/2020,0.002908,0.002976,0.002886,0.002936,0.002936,46631464.00
11/18/2020,0.002936,0.002999,0.002855,0.002909,0.002909,49460064.00
11/19/2020,0.002909,0.00296,0.002868,0.002911,0.002911,40330643.00
11/20/2020,0.002911,0.003011,0.002908,0.002984,0.002984,57656465.00
11/21/2020,0.002984,0.003549,0.002984,0.003507,0.003507,162641694.00
11/22/2020,0.003507,0.00366,0.003181,0.003329,0.003329,121660410.00
11/23/2020,0.003329,0.003648,0.003232,0.003648,0.003648,101561039.00
11/24/2020,0.003645,0.004204,0.003579,0.004204,0.004204,266716036.00
11/25/2020,0.0042,0.004256,0.003642,0.003727,0.003727,174459927.00
11/26/2020,0.003727,0.003793,0.00298,0.00325,0.00325,175520294.00
11/27/2020,0.00325,0.003355,0.003093,0.003275,0.003275,92323023.00
11/28/2020,0.003275,0.00347,0.003247,0.003405,0.003405,58033650.00
11/29/2020,0.003405,0.00353,0.003358,0.003448,0.003448,46319972.00
11/30/2020,0.003448,0.00358,0.003414,0.003551,0.003551,68622736.00
12/1/2020,0.003551,0.003572,0.003269,0.003335,0.003335,80163603.00
12/2/2020,0.003335,0.003436,0.003293,0.003374,0.003374,58705661.00
12/3/2020,0.003375,0.0035,0.003352,0.003428,0.003428,47907032.00
12/4/2020,0.003429,0.003447,0.003285,0.003298,0.003298,45062222.00
12/5/2020,0.003297,0.003414,0.003268,0.003397,0.003397,43386583.00
12/6/2020,0.003397,0.003442,0.003343,0.003388,0.003388,40936574.00
12/7/2020,0.003388,0.0034,0.00332,0.003342,0.003342,36923814.00
12/8/2020,0.003343,0.003361,0.003138,0.003179,0.003179,52702701.00
12/9/2020,0.003179,0.003182,0.003016,0.003158,0.003158,45746722.00
12/10/2020,0.003158,0.003165,0.003066,0.003105,0.003105,33740988.00
12/11/2020,0.003105,0.00311,0.003009,0.003079,0.003079,41712942.00
12/12/2020,0.003079,0.003184,0.003075,0.003163,0.003163,35466155.00
12/13/2020,0.003164,0.003274,0.003153,0.003256,0.003256,37464323.00
12/14/2020,0.003256,0.003279,0.003199,0.003231,0.003231,36238516.00
12/15/2020,0.00323,0.00325,0.003178,0.003206,0.003206,37127782.00
12/16/2020,0.003205,0.003422,0.003186,0.003416,0.003416,50989880.00
12/17/2020,0.003416,0.004113,0.003406,0.00373,0.00373,172736659.00
12/18/2020,0.00373,0.00397,0.003618,0.003858,0.003858,101799430.00
12/19/2020,0.003859,0.004018,0.00381,0.003927,0.003927,98447179.00
12/20/2020,0.003926,0.004678,0.003827,0.004625,0.004625,508066004.00
12/21/2020,0.004627,0.005406,0.004363,0.004787,0.004787,664160057.00
12/22/2020,0.004784,0.004843,0.00437,0.004508,0.004508,239288785.00
12/23/2020,0.004508,0.004735,0.00364,0.003768,0.003768,205080908.00
12/24/2020,0.003768,0.004577,0.003697,0.00457,0.00457,143405580.00
12/25/2020,0.00457,0.004613,0.004395,0.004582,0.004582,136819917.00
12/26/2020,0.004581,0.00464,0.004423,0.004494,0.004494,151728507.00
12/27/2020,0.004493,0.004805,0.004429,0.004548,0.004548,154526399.00
12/28/2020,0.004548,0.004716,0.004523,0.004592,0.004592,99641525.00
12/29/2020,0.004592,0.004608,0.004278,0.004486,0.004486,90876497.00
12/30/2020,0.004487,0.004703,0.004453,0.004636,0.004636,94834499.00
12/31/2020,0.004636,0.004743,0.004553,0.004682,0.004682,85498337.00
1/1/2021,0.004681,0.005685,0.004615,0.005685,0.005685,228961515.00
1/2/2021,0.005686,0.013698,0.005584,0.010615,0.010615,3421562680.00
1/3/2021,0.010602,0.013867,0.009409,0.009771,0.009771,2707003608.00
1/4/2021,0.009785,0.011421,0.007878,0.009767,0.009767,1372398979.00
1/5/2021,0.009767,0.010219,0.008972,0.00992,0.00992,687256067.00
1/6/2021,0.009923,0.010854,0.009685,0.010465,0.010465,749915516.00
1/7/2021,0.010454,0.010532,0.009162,0.009742,0.009742,520644706.00
1/8/2021,0.009743,0.010285,0.008986,0.009846,0.009846,394462164.00
1/9/2021,0.009833,0.01074,0.00974,0.010194,0.010194,485842353.00
1/10/2021,0.010193,0.010867,0.009177,0.00986,0.00986,458583519.00
1/11/2021,0.009858,0.009858,0.00677,0.008835,0.008835,637956958.00
1/12/2021,0.00883,0.009145,0.007904,0.008063,0.008063,333308457.00
1/13/2021,0.008062,0.008646,0.007787,0.008616,0.008616,240079033.00
1/14/2021,0.008619,0.01003,0.008349,0.009397,0.009397,428369039.00
1/15/2021,0.009389,0.009796,0.00846,0.009369,0.009369,398965925.00
1/16/2021,0.009367,0.009531,0.00914,0.009265,0.009265,258630480.00
1/17/2021,0.009263,0.009367,0.008841,0.009067,0.009067,254487989.00
1/18/2021,0.00907,0.009295,0.008981,0.009171,0.009171,205025648.00
1/19/2021,0.009172,0.009613,0.00902,0.009098,0.009098,249242632.00
1/20/2021,0.009096,0.009153,0.008529,0.00906,0.00906,220205442.00
1/21/2021,0.009062,0.009089,0.008061,0.008166,0.008166,215419839.00
1/22/2021,0.008165,0.008769,0.007654,0.008524,0.008524,185490003.00
1/23/2021,0.00852,0.008808,0.008388,0.008579,0.008579,154393737.00
1/24/2021,0.008578,0.008951,0.008516,0.008727,0.008727,162191977.00
1/25/2021,0.008727,0.008879,0.008276,0.008383,0.008383,180820875.00
1/26/2021,0.008382,0.008456,0.008022,0.008255,0.008255,161173749.00
1/27/2021,0.008255,0.008259,0.007294,0.007482,0.007482,204797186.00
1/28/2021,0.007481,0.034177,0.007351,0.034084,0.034084,10971544561.00
1/29/2021,0.043734,0.077973,0.032341,0.047162,0.047162,25403310432.00
1/30/2021,0.046803,0.049901,0.022488,0.028176,0.028176,8735576553.00
1/31/2021,0.028191,0.045289,0.027102,0.037196,0.037196,8548997882.00
2/1/2021,0.037054,0.04325,0.033367,0.034875,0.034875,6319224026.00
2/2/2021,0.03491,0.034926,0.029195,0.03152,0.03152,3090896595.00
2/3/2021,0.031493,0.039105,0.031146,0.03712,0.03712,3146856788.00
2/4/2021,0.037226,0.057869,0.035945,0.053289,0.053289,13040837601.00
2/5/2021,0.053043,0.05374,0.04354,0.046935,0.046935,6136160058.00
2/6/2021,0.046931,0.058308,0.044904,0.057595,0.057595,5946101275.00
2/7/2021,0.057502,0.084357,0.054239,0.078782,0.078782,14261024073.00
2/8/2021,0.078352,0.084945,0.064702,0.078825,0.078825,12844375210.00
2/9/2021,0.078773,0.083128,0.065621,0.07007,0.07007,7348840814.00
2/10/2021,0.070111,0.081091,0.068525,0.072896,0.072896,6785088422.00
2/11/2021,0.072844,0.074301,0.06829,0.069676,0.069676,3818556739.00
2/12/2021,0.06965,0.07261,0.061445,0.070069,0.070069,4190843784.00
2/13/2021,0.070025,0.071646,0.066135,0.06645,0.06645,2618049766.00
2/14/2021,0.066448,0.066448,0.056723,0.062537,0.062537,3984667628.00
2/15/2021,0.062568,0.063924,0.048547,0.056591,0.056591,4944804938.00
2/16/2021,0.056488,0.059668,0.050983,0.05352,0.05352,3409478696.00
2/17/2021,0.053522,0.054983,0.048034,0.049376,0.049376,2976148723.00
2/18/2021,0.049363,0.061799,0.048989,0.059541,0.059541,4551943638.00
2/19/2021,0.059434,0.059497,0.054315,0.055139,0.055139,2949251418.00
2/20/2021,0.055132,0.060286,0.051628,0.054384,0.054384,3175468554.00
2/21/2021,0.054369,0.058428,0.053556,0.05598,0.05598,2450293068.00
2/22/2021,0.056044,0.060466,0.047096,0.053725,0.053725,3366757324.00
2/23/2021,0.053698,0.053768,0.04241,0.047392,0.047392,2394345361.00
2/24/2021,0.047414,0.059873,0.046216,0.056555,0.056555,4148511571.00
2/25/2021,0.056615,0.057808,0.049869,0.050167,0.050167,2356982022.00
2/26/2021,0.050138,0.052472,0.048708,0.05048,0.05048,1694323466.00
2/27/2021,0.0505,0.05192,0.049297,0.050083,0.050083,1286229526.00
2/28/2021,0.050097,0.050134,0.045088,0.048052,0.048052,1408101260.00
3/1/2021,0.04807,0.051479,0.048029,0.050599,0.050599,1494427207.00
3/2/2021,0.050596,0.052382,0.049299,0.050262,0.050262,1346282318.00
3/3/2021,0.050278,0.052126,0.050078,0.050592,0.050592,1093877445.00
3/4/2021,0.050587,0.051087,0.047879,0.050048,0.050048,1170617084.00
3/5/2021,0.050028,0.050854,0.048147,0.049609,0.049609,1173113591.00
3/6/2021,0.049601,0.052397,0.049383,0.050984,0.050984,1480482384.00
3/7/2021,0.05098,0.052141,0.050572,0.052122,0.052122,945455832.00
3/8/2021,0.052123,0.061949,0.051672,0.061949,0.061949,3554150800.00
3/9/2021,0.062104,0.062268,0.056051,0.057998,0.057998,2466159943.00
3/10/2021,0.057964,0.058616,0.054692,0.056004,0.056004,1534489620.00
3/11/2021,0.055977,0.056698,0.054502,0.055918,0.055918,1233383425.00
3/12/2021,0.055921,0.05698,0.054513,0.055349,0.055349,1287767221.00
3/13/2021,0.055353,0.062432,0.054756,0.062432,0.062432,1869833076.00
3/14/2021,0.062384,0.063052,0.058592,0.058592,0.058592,2752132530.00
3/15/2021,0.058531,0.059689,0.055141,0.057088,0.057088,1738710876.00
3/16/2021,0.057086,0.058921,0.055493,0.058607,0.058607,1393771913.00
3/17/2021,0.05861,0.058866,0.056471,0.057653,0.057653,861926643.00
3/18/2021,0.05764,0.058828,0.054143,0.057383,0.057383,909777445.00
3/19/2021,0.057377,0.059721,0.056604,0.058328,0.058328,964747809.00
3/20/2021,0.058315,0.060639,0.05812,0.058961,0.058961,1012934488.00
3/21/2021,0.05897,0.059521,0.056798,0.057234,0.057234,759592996.00
3/22/2021,0.057259,0.057732,0.054909,0.054962,0.054962,696918565.00
3/23/2021,0.054941,0.056081,0.05294,0.053556,0.053556,1040781777.00
3/24/2021,0.053528,0.056494,0.051242,0.051702,0.051702,934537959.00
3/25/2021,0.051699,0.052407,0.049697,0.051448,0.051448,1084214116.00
3/26/2021,0.051433,0.054028,0.051331,0.053952,0.053952,776280028.00
3/27/2021,0.05394,0.055435,0.053528,0.054377,0.054377,753844053.00
3/28/2021,0.054381,0.054752,0.053013,0.053698,0.053698,460472975.00
3/29/2021,0.053678,0.054651,0.053175,0.054052,0.054052,537919140.00
3/30/2021,0.054052,0.055434,0.053697,0.0539,0.0539,728906171.00
3/31/2021,0.053902,0.054468,0.052269,0.053657,0.053657,653389282.00
4/1/2021,0.053655,0.070111,0.053644,0.061986,0.061986,5816046822.00
4/2/2021,0.061968,0.062249,0.057333,0.057664,0.057664,2166925111.00
4/3/2021,0.057658,0.059484,0.055804,0.055804,0.055804,1136931403.00
4/4/2021,0.055776,0.058107,0.055295,0.057404,0.057404,938035097.00
4/5/2021,0.057411,0.060153,0.056435,0.059696,0.059696,1513832721.00
4/6/2021,0.059689,0.06505,0.058094,0.064458,0.064458,2608613912.00
4/7/2021,0.064454,0.067299,0.057641,0.059028,0.059028,2857060849.00
4/8/2021,0.059036,0.061745,0.058817,0.061464,0.061464,1055257541.00
4/9/2021,0.061463,0.06391,0.060296,0.061684,0.061684,1060465774.00
4/10/2021,0.061591,0.065068,0.060818,0.063845,0.063845,1369793118.00
4/11/2021,0.063749,0.079243,0.063203,0.074649,0.074649,6646627317.00
4/12/2021,0.074544,0.074986,0.068889,0.070767,0.070767,2687720380.00
4/13/2021,0.070678,0.095181,0.070678,0.093445,0.093445,7176815090.00
4/14/2021,0.094256,0.14251,0.092452,0.121517,0.121517,20977679327.00
4/15/2021,0.121167,0.187326,0.120736,0.182207,0.182207,17916620386.00
4/16/2021,0.181587,0.4377,0.180488,0.36587,0.36587,69410680685.00
4/17/2021,0.366098,0.374455,0.236524,0.284173,0.284173,31413404067.00
4/18/2021,0.285105,0.349918,0.24644,0.320475,0.320475,23464350388.00
4/19/2021,0.320466,0.431751,0.30908,0.407318,0.407318,30641432779.00
4/20/2021,0.408435,0.422347,0.271618,0.3195,0.3195,28130646191.00
4/21/2021,0.316953,0.346966,0.297036,0.306925,0.306925,12723463706.00
4/22/2021,0.30599,0.308757,0.256276,0.260967,0.260967,11879823706.00
4/23/2021,0.261023,0.268378,0.163669,0.248509,0.248509,16165566164.00
4/24/2021,0.249544,0.28939,0.229891,0.270212,0.270212,11057578568.00
4/25/2021,0.269789,0.288771,0.226301,0.251111,0.251111,6849914675.00
4/26/2021,0.25124,0.280452,0.248026,0.270674,0.270674,5118886527.00
4/27/2021,0.271427,0.279629,0.264928,0.272188,0.272188,3590611310.00
4/28/2021,0.272273,0.344662,0.256231,0.323682,0.323682,14464343767.00
4/29/2021,0.323232,0.323881,0.296904,0.305169,0.305169,5027354503.00
4/30/2021,0.304702,0.339757,0.302981,0.337561,0.337561,5290390982.00
5/1/2021,0.337559,0.397135,0.32829,0.392987,0.392987,10123343703.00
5/2/2021,0.391087,0.400029,0.364874,0.376046,0.376046,8040406918.00
5/3/2021,0.373631,0.445567,0.373631,0.441707,0.441707,10526649978.00
5/4/2021,0.440274,0.605998,0.4008,0.541334,0.541334,38238126181.00
5/5/2021,0.537355,0.695262,0.523822,0.657633,0.657633,42525098292.00
5/6/2021,0.652842,0.663616,0.545102,0.580804,0.580804,18989900291.00
5/7/2021,0.58111,0.731972,0.520174,0.684777,0.684777,28615083657.00
5/8/2021,0.687801,0.737567,0.608168,0.636439,0.636439,25555125135.00
5/9/2021,0.63582,0.697625,0.425706,0.57007,0.57007,46138063928.00
5/10/2021,0.569687,0.569687,0.421291,0.449964,0.449964,16514521828.00
5/11/2021,0.450488,0.546651,0.445034,0.495231,0.495231,14566975476.00
5/12/2021,0.493742,0.519975,0.385376,0.385376,0.385376,8621337859.00
5/13/2021,0.392176,0.519461,0.357175,0.490374,0.490374,18663174069.00
5/14/2021,0.48707,0.58969,0.464622,0.559604,0.559604,20466177002.00
5/15/2021,0.559668,0.562676,0.491299,0.507972,0.507972,9836892944.00
5/16/2021,0.50791,0.548145,0.451023,0.514895,0.514895,9541552064.00
5/17/2021,0.513413,0.515221,0.458551,0.487892,0.487892,7330830504.00
5/18/2021,0.486954,0.515599,0.470384,0.476115,0.476115,4802902841.00
5/19/2021,0.476435,0.684735,0.218267,0.333123,0.333123,15072620946.00
5/20/2021,0.330252,0.433192,0.296253,0.400194,0.400194,12415484460.00
5/21/2021,0.398124,0.411975,0.314766,0.359382,0.359382,7452862203.00
5/22/2021,0.358717,0.360517,0.318169,0.342371,0.342371,5243222352.00
5/23/2021,0.342522,0.350863,0.249437,0.308071,0.308071,7143545371.00
5/24/2021,0.306715,0.371485,0.296291,0.366162,0.366162,6821088755.00
5/25/2021,0.366041,0.38001,0.323497,0.346302,0.346302,5544552739.00
5/26/2021,0.346396,0.36592,0.338857,0.353693,0.353693,3355793260.00
5/27/2021,0.353463,0.353463,0.328144,0.332945,0.332945,2485942309.00
5/28/2021,0.333651,0.347879,0.301518,0.311205,0.311205,3289455640.00
5/29/2021,0.311398,0.317919,0.281793,0.30311,0.30311,2470710737.00
5/30/2021,0.302969,0.310324,0.28768,0.302224,0.302224,1929947933.00
5/31/2021,0.301949,0.329163,0.29433,0.32581,0.32581,2440829325.00
6/1/2021,0.325744,0.383079,0.31236,0.370077,0.370077,5796031087.00
6/2/2021,0.370302,0.44459,0.352588,0.423374,0.423374,11425588479.00
6/3/2021,0.423739,0.440763,0.378819,0.399963,0.399963,6809900030.00
6/4/2021,0.400982,0.400982,0.351442,0.376323,0.376323,5889983048.00
6/5/2021,0.376752,0.393886,0.360488,0.372177,0.372177,3464039041.00
6/6/2021,0.371676,0.376798,0.367254,0.371807,0.371807,1836611411.00
6/7/2021,0.371566,0.379678,0.329806,0.33105,0.33105,3043974994.00
6/8/2021,0.331822,0.341435,0.29666,0.327687,0.327687,3918487504.00
6/9/2021,0.326423,0.353762,0.313131,0.343331,0.343331,3154332929.00
6/10/2021,0.343339,0.344529,0.323278,0.326351,0.326351,2114010549.00
6/11/2021,0.326364,0.333223,0.311502,0.319359,0.319359,1834446577.00
6/12/2021,0.318893,0.319332,0.301804,0.312084,0.312084,1605633791.00
6/13/2021,0.312485,0.330026,0.307892,0.324382,0.324382,1484851447.00
6/14/2021,0.323903,0.336927,0.320087,0.332085,0.332085,1613812023.00
6/15/2021,0.326785,0.330495,0.316976,0.328381,0.328381,1687965230.00
6/16/2021,0.320378,0.321393,0.305485,0.307761,0.307761,1391720788.00
6/17/2021,0.307749,0.314011,0.303316,0.306496,0.306496,1120766442.00
6/18/2021,0.306428,0.307752,0.280481,0.293472,0.293472,1846213589.00
6/19/2021,0.293649,0.297803,0.286189,0.287356,0.287356,1003248258.00
6/20/2021,0.286394,0.289727,0.256467,0.2809,0.2809,1963503800.00
6/21/2021,0.28066,0.280889,0.166491,0.178691,0.178691,5640232167.00
6/22/2021,0.178682,0.216122,0.164654,0.191031,0.191031,5992850344.00
6/23/2021,0.190671,0.24711,0.180979,0.232174,0.232174,5098674891.00
6/24/2021,0.23497,0.26869,0.222527,0.262782,0.262782,3844648059.00
6/25/2021,0.26348,0.289145,0.230006,0.239153,0.239153,5542163262.00
6/26/2021,0.237673,0.255127,0.230972,0.244784,0.244784,2649457302.00
6/27/2021,0.246045,0.266891,0.240894,0.26445,0.26445,2167521670.00
6/28/2021,0.264918,0.266982,0.250762,0.256857,0.256857,1932994784.00
6/29/2021,0.257061,0.27494,0.252988,0.262769,0.262769,2192562738.00
6/30/2021,0.263417,0.263538,0.238268,0.254215,0.254215,2047763830.00
7/1/2021,0.253828,0.260092,0.238677,0.244549,0.244549,2463946548.00
7/2/2021,0.243982,0.247997,0.238848,0.245264,0.245264,1321470954.00
7/3/2021,0.245106,0.250214,0.242454,0.246411,0.246411,917015819.00
7/4/2021,0.246425,0.252567,0.243425,0.246483,0.246483,973511519.00
7/5/2021,0.246419,0.246419,0.227838,0.231614,0.231614,1267949362.00
7/6/2021,0.231216,0.24191,0.229842,0.234422,0.234422,1265920169.00
7/7/2021,0.234301,0.237851,0.222576,0.224126,0.224126,1148903688.00
7/8/2021,0.224383,0.22493,0.202987,0.207597,0.207597,1789637577.00
7/9/2021,0.207073,0.229139,0.196607,0.219864,0.219864,3045790264.00
7/10/2021,0.219846,0.227681,0.210745,0.21392,0.21392,1264519098.00
7/11/2021,0.213887,0.218745,0.210931,0.215856,0.215856,719870047.00
7/12/2021,0.21601,0.218965,0.204506,0.208048,0.208048,973602708.00
7/13/2021,0.208009,0.208062,0.198163,0.200003,0.200003,1035890377.00
7/14/2021,0.199978,0.204483,0.187752,0.197324,0.197324,1319171299.00
7/15/2021,0.197749,0.20084,0.180786,0.184888,0.184888,1044558931.00
7/16/2021,0.185238,0.188322,0.171612,0.172345,0.172345,1144730187.00
7/17/2021,0.172118,0.204937,0.16923,0.186125,0.186125,2393120423.00
7/18/2021,0.186841,0.195788,0.180886,0.182233,0.182233,1424484163.00
7/19/2021,0.181818,0.18395,0.170712,0.173556,0.173556,1084816777.00
7/20/2021,0.173763,0.178895,0.160728,0.170801,0.170801,1809479230.00
7/21/2021,0.170527,0.21421,0.168719,0.190349,0.190349,4433688120.00
7/22/2021,0.19048,0.196404,0.186664,0.191303,0.191303,1629442360.00
7/23/2021,0.191359,0.199531,0.18354,0.194764,0.194764,1447257649.00
7/24/2021,0.194823,0.204369,0.191344,0.197319,0.197319,1695867808.00
7/25/2021,0.197173,0.200451,0.191697,0.197864,0.197864,1256116971.00
7/26/2021,0.19803,0.232767,0.197063,0.204419,0.204419,4863225852.00
7/27/2021,0.203836,0.209293,0.19535,0.205899,0.205899,2229903212.00
7/28/2021,0.206111,0.213746,0.202011,0.205392,0.205392,2076707890.00
7/29/2021,0.205591,0.206355,0.200716,0.204619,0.204619,1169322798.00
7/30/2021,0.205023,0.210643,0.196535,0.208821,0.208821,1523981522.00
7/31/2021,0.208638,0.214345,0.204897,0.208314,0.208314,1349212924.00
8/1/2021,0.207753,0.217611,0.201389,0.204437,0.204437,1711494501.00
8/2/2021,0.204279,0.209959,0.202188,0.2036,0.2036,1181469976.00
8/3/2021,0.203431,0.205077,0.19375,0.195967,0.195967,1121632377.00
8/4/2021,0.196312,0.20311,0.19445,0.20149,0.20149,1095300718.00
8/5/2021,0.201575,0.202513,0.194685,0.200974,0.200974,1139204754.00
8/6/2021,0.20096,0.211756,0.198617,0.204688,0.204688,1332579279.00
8/7/2021,0.204846,0.26199,0.203772,0.260341,0.260341,6343062404.00
8/8/2021,0.261956,0.281379,0.235348,0.240045,0.240045,6984782653.00
8/9/2021,0.240122,0.266265,0.23141,0.256897,0.256897,4607903346.00
8/10/2021,0.256366,0.262791,0.245352,0.257325,0.257325,3424415504.00
8/11/2021,0.257424,0.282482,0.256382,0.265263,0.265263,4732068476.00
8/12/2021,0.264853,0.294142,0.252775,0.263921,0.263921,5264857508.00
8/13/2021,0.264249,0.287188,0.261907,0.286808,0.286808,3565092106.00
8/14/2021,0.286801,0.298456,0.277154,0.293113,0.293113,4677579997.00
8/15/2021,0.294086,0.348722,0.287063,0.341441,0.341441,8046171669.00
8/16/2021,0.340165,0.350953,0.310828,0.320715,0.320715,6681324187.00
8/17/2021,0.319631,0.339462,0.295763,0.299442,0.299442,5699700481.00
8/18/2021,0.299203,0.324227,0.282016,0.303739,0.303739,6347995770.00
8/19/2021,0.303376,0.319018,0.294088,0.317144,0.317144,3760495939.00
8/20/2021,0.317571,0.333223,0.314142,0.327491,0.327491,3512291078.00
8/21/2021,0.327395,0.329356,0.315433,0.316797,0.316797,2600396651.00
8/22/2021,0.317085,0.321541,0.306546,0.314963,0.314963,2237836352.00
8/23/2021,0.314926,0.328094,0.313368,0.317914,0.317914,2836628655.00
8/24/2021,0.318386,0.319757,0.277777,0.288739,0.288739,3143768703.00
8/25/2021,0.289218,0.296815,0.279995,0.292226,0.292226,2518743227.00
8/26/2021,0.292794,0.296002,0.265313,0.268909,0.268909,2410285454.00
8/27/2021,0.268819,0.294845,0.265392,0.294433,0.294433,2382150423.00
8/28/2021,0.294631,0.29917,0.283273,0.285629,0.285629,1534807298.00
8/29/2021,0.285863,0.291663,0.277486,0.281125,0.281125,1473623363.00
8/30/2021,0.281233,0.289559,0.270375,0.272125,0.272125,1748987269.00
8/31/2021,0.271878,0.285819,0.270047,0.278453,0.278453,1745967018.00
9/1/2021,0.278062,0.294889,0.273526,0.294401,0.294401,1937809622.00
9/2/2021,0.294393,0.309227,0.29201,0.295955,0.295955,2981069411.00
9/3/2021,0.294754,0.304494,0.288541,0.296273,0.296273,2384046931.00
9/4/2021,0.296068,0.308731,0.293342,0.299388,0.299388,2263193245.00
9/5/2021,0.299324,0.315009,0.296582,0.314527,0.314527,2393033527.00
9/6/2021,0.314315,0.319751,0.300451,0.308765,0.308765,2611846129.00
9/7/2021,0.308951,0.31103,0.216527,0.253744,0.253744,5653327525.00
9/8/2021,0.254266,0.26329,0.234864,0.257113,0.257113,3226346052.00
9/9/2021,0.250362,0.259558,0.24927,0.252596,0.252596,1763183557.00
9/10/2021,0.252585,0.261622,0.235909,0.239982,0.239982,1840815800.00
9/11/2021,0.239826,0.248018,0.238487,0.241432,0.241432,1196337689.00
9/12/2021,0.241329,0.254794,0.239233,0.250617,0.250617,1419288866.00
9/13/2021,0.250624,0.252031,0.228911,0.235906,0.235906,1759116002.00
9/14/2021,0.236063,0.241678,0.233962,0.240709,0.240709,967948743.00
9/15/2021,0.24059,0.248322,0.239215,0.247697,0.247697,980188820.00
9/16/2021,0.247542,0.247733,0.233852,0.242555,0.242555,1140048496.00
9/17/2021,0.242098,0.259535,0.238026,0.23993,0.23993,2246768047.00
9/18/2021,0.239928,0.247328,0.238228,0.241386,0.241386,999151515.00
9/19/2021,0.241281,0.241285,0.231337,0.233142,0.233142,892763953.00
9/20/2021,0.233161,0.233606,0.200022,0.207071,0.207071,2244003542.00
9/21/2021,0.208773,0.218094,0.198161,0.201027,0.201027,1766963639.00
9/22/2021,0.200822,0.229423,0.200224,0.224858,0.224858,2016471206.00
9/23/2021,0.224748,0.227095,0.218115,0.224832,0.224832,1169581249.00
9/24/2021,0.224726,0.228267,0.19772,0.209451,0.209451,1883155313.00
9/25/2021,0.209348,0.212604,0.204875,0.20864,0.20864,1067132277.00
9/26/2021,0.20873,0.209068,0.194489,0.204962,0.204962,1147321467.00
9/27/2021,0.205241,0.209281,0.200078,0.200262,0.200262,838297166.00
9/28/2021,0.200001,0.202579,0.196352,0.196804,0.196804,866301240.00
9/29/2021,0.19698,0.204144,0.195042,0.198876,0.198876,926737135.00
9/30/2021,0.198869,0.205806,0.197855,0.204244,0.204244,916819792.00
10/1/2021,0.204427,0.224607,0.201994,0.22301,0.22301,1435469263.00
10/2/2021,0.222741,0.224955,0.215493,0.219133,0.219133,1166058975.00
10/3/2021,0.218811,0.226228,0.215872,0.221748,0.221748,1070267896.00
10/4/2021,0.22193,0.247924,0.213284,0.240852,0.240852,3684051106.00
10/5/2021,0.24124,0.267787,0.233588,0.252016,0.252016,4628329381.00
10/6/2021,0.252008,0.271509,0.243096,0.255134,0.255134,4659725421.00
10/7/2021,0.25434,0.256739,0.239127,0.242923,0.242923,2936116763.00
10/8/2021,0.243023,0.254764,0.241692,0.243851,0.243851,1952117191.00
10/9/2021,0.243495,0.251966,0.241757,0.246596,0.246596,1484990033.00
10/10/2021,0.246572,0.248663,0.227858,0.229805,0.229805,1466060853.00
10/11/2021,0.22945,0.239381,0.225521,0.231503,0.231503,1463611233.00
10/12/2021,0.231525,0.231718,0.216447,0.226242,0.226242,1881102059.00
10/13/2021,0.226175,0.233943,0.221061,0.232572,0.232572,1457486924.00
10/14/2021,0.232561,0.23988,0.231497,0.232273,0.232273,1337117776.00
10/15/2021,0.232644,0.243469,0.22575,0.233782,0.233782,1837803539.00
10/16/2021,0.233881,0.244447,0.233683,0.237292,0.237292,1541850812.00
10/17/2021,0.237193,0.241973,0.22638,0.237898,0.237898,1397143121.00
10/18/2021,0.237806,0.271394,0.237488,0.247281,0.247281,5003365533.00
10/19/2021,0.247378,0.254611,0.240651,0.245788,0.245788,1675967829.00
10/20/2021,0.245502,0.261555,0.242384,0.254093,0.254093,1853058770.00
10/21/2021,0.254793,0.258261,0.242273,0.242391,0.242391,1742570934.00
10/22/2021,0.242479,0.252772,0.236472,0.244221,0.244221,1829875043.00
10/23/2021,0.244514,0.25314,0.241589,0.251733,0.251733,1502684867.00
10/24/2021,0.251432,0.281935,0.246028,0.277048,0.277048,5278760541.00
10/25/2021,0.275745,0.279472,0.26022,0.264707,0.264707,3364560707.00
10/26/2021,0.264783,0.274317,0.253721,0.255732,0.255732,2513384162.00
10/27/2021,0.255836,0.263317,0.220328,0.23769,0.23769,5022822846.00
10/28/2021,0.237381,0.338843,0.233334,0.300447,0.300447,20359592492.00
10/29/2021,0.299964,0.306312,0.279771,0.287853,0.287853,5866664030.00
10/30/2021,0.287764,0.294647,0.259888,0.268345,0.268345,3637334331.00
10/31/2021,0.269239,0.284707,0.252614,0.280244,0.280244,4224104205.00
11/1/2021,0.280123,0.285551,0.264089,0.271728,0.271728,2784956027.00
11/2/2021,0.271892,0.280686,0.267597,0.273121,0.273121,2336414476.00
11/3/2021,0.273504,0.277104,0.263979,0.269407,0.269407,2091380862.00
11/4/2021,0.269112,0.270865,0.254711,0.26328,0.26328,1902957818.00
11/5/2021,0.263655,0.270789,0.257888,0.261465,0.261465,1559898586.00
11/6/2021,0.261264,0.267697,0.250521,0.261898,0.261898,1353526462.00
11/7/2021,0.261971,0.269849,0.258967,0.266315,0.266315,1155873526.00
11/8/2021,0.266728,0.296532,0.264918,0.282359,0.282359,4093381450.00
11/9/2021,0.282539,0.289668,0.271752,0.273526,0.273526,2353452396.00
11/10/2021,0.273597,0.276989,0.23803,0.255709,0.255709,2820521435.00
11/11/2021,0.255705,0.269965,0.253283,0.261167,0.261167,1628781435.00
11/12/2021,0.260937,0.268437,0.249457,0.259414,0.259414,1563007446.00
11/13/2021,0.259618,0.262251,0.25454,0.261706,0.261706,923837904.00
11/14/2021,0.261591,0.271257,0.260275,0.262912,0.262912,1264556615.00
11/15/2021,0.26287,0.26517,0.256367,0.256529,0.256529,1028469310.00
11/16/2021,0.257094,0.257094,0.226394,0.237249,0.237249,2248804980.00
11/17/2021,0.23701,0.240906,0.232859,0.237487,0.237487,1543405154.00
11/18/2021,0.237556,0.241091,0.216099,0.221383,0.221383,1860661769.00
11/19/2021,0.220995,0.236832,0.216518,0.23311,0.23311,1296123511.00
11/20/2021,0.233174,0.235953,0.225451,0.233024,0.233024,805305660.00
11/21/2021,0.233255,0.23335,0.22568,0.226328,0.226328,751789838.00
11/22/2021,0.22616,0.227531,0.216898,0.219676,0.219676,921753721.00
11/23/2021,0.219666,0.236201,0.214566,0.226512,0.226512,1907278849.00
11/24/2021,0.22668,0.230245,0.211836,0.221825,0.221825,1957665360.00
11/25/2021,0.217132,0.22881,0.214317,0.216326,0.216326,1344826632.00
11/26/2021,0.221047,0.221759,0.190344,0.200887,0.200887,2231733479.00
11/27/2021,0.201429,0.209613,0.200871,0.205347,0.205347,917785649.00
11/28/2021,0.205295,0.207472,0.193064,0.207472,0.207472,1027555437.00
11/29/2021,0.207444,0.223692,0.203252,0.215175,0.215175,1869737827.00
11/30/2021,0.215111,0.22689,0.213251,0.214715,0.214715,1897635999.00
12/1/2021,0.214487,0.218496,0.206298,0.209487,0.209487,988030934.00
12/2/2021,0.209476,0.223011,0.202169,0.209726,0.209726,1879305770.00
12/3/2021,0.209463,0.211991,0.193274,0.199993,0.199993,1260948451.00
12/4/2021,0.200356,0.200562,0.132826,0.178853,0.178853,4388513696.00
12/5/2021,0.178263,0.181133,0.162949,0.171255,0.171255,1645331135.00
12/6/2021,0.171383,0.180527,0.159558,0.1784,0.1784,1896979202.00
12/7/2021,0.178374,0.183539,0.175505,0.176805,0.176805,1085087124.00
12/8/2021,0.176609,0.182168,0.17263,0.179151,0.179151,1014713070.00
12/9/2021,0.178961,0.18189,0.169484,0.169484,0.169484,1071039221.00
12/10/2021,0.169466,0.17461,0.164065,0.164422,0.164422,845450410.00
12/11/2021,0.164499,0.17008,0.161817,0.169019,0.169019,692929162.00
12/12/2021,0.168904,0.172899,0.165899,0.169891,0.169891,593132337.00
12/13/2021,0.16988,0.170615,0.151996,0.157565,0.157565,968464045.00
12/14/2021,0.157465,0.219632,0.155447,0.180157,0.180157,6411471551.00
12/15/2021,0.191144,0.191144,0.171266,0.181082,0.181082,2466135011.00
12/16/2021,0.181171,0.184933,0.172655,0.173454,0.173454,1057988990.00
12/17/2021,0.173381,0.176559,0.162263,0.16901,0.16901,1026719015.00
12/18/2021,0.1691,0.174874,0.166244,0.1724,0.1724,658993272.00
12/19/2021,0.172533,0.174378,0.169382,0.169576,0.169576,541018118.00
12/20/2021,0.169523,0.170833,0.161497,0.167322,0.167322,912233179.00
12/21/2021,0.167098,0.17234,0.166108,0.171175,0.171175,621397179.00
12/22/2021,0.171129,0.179585,0.170055,0.173214,0.173214,932537493.00
12/23/2021,0.173209,0.184522,0.17174,0.18449,0.18449,1184481683.00
12/24/2021,0.184979,0.19529,0.179761,0.186622,0.186622,1853415104.00
12/25/2021,0.186712,0.194876,0.185571,0.190657,0.190657,1010443046.00
12/26/2021,0.190567,0.192546,0.185646,0.19002,0.19002,650674078.00
12/27/2021,0.189986,0.192923,0.187239,0.187705,0.187705,666773423.00
12/28/2021,0.187847,0.187885,0.172738,0.174117,0.174117,954075337.00
12/29/2021,0.174095,0.177339,0.16676,0.167765,0.167765,823628336.00
12/30/2021,0.168137,0.175771,0.165381,0.171313,0.171313,599236772.00
12/31/2021,0.171317,0.175294,0.167307,0.170496,0.170496,644416694.00
1/1/2022,0.17051,0.173423,0.170353,0.173035,0.173035,371336089.00
1/2/2022,0.173027,0.175989,0.171201,0.174403,0.174403,391041933.00
1/3/2022,0.174406,0.174406,0.168271,0.170088,0.170088,505900382.00
1/4/2022,0.170151,0.172339,0.168128,0.168803,0.168803,541922892.00
1/5/2022,0.168835,0.170747,0.151898,0.15942,0.15942,994086848.00
1/6/2022,0.159436,0.161706,0.155142,0.160213,0.160213,715345645.00
1/7/2022,0.160205,0.160295,0.151299,0.155023,0.155023,969384523.00
1/8/2022,0.155031,0.157725,0.147669,0.151954,0.151954,584437036.00
1/9/2022,0.151959,0.153742,0.149607,0.151065,0.151065,408786249.00
1/10/2022,0.151073,0.152135,0.13984,0.143359,0.143359,763684873.00
1/11/2022,0.143351,0.164621,0.142647,0.153399,0.153399,1628447666.00
1/12/2022,0.153458,0.161652,0.152095,0.161652,0.161652,896008600.00
1/13/2022,0.161562,0.174792,0.161562,0.172043,0.172043,2301820074.00
1/14/2022,0.172053,0.203232,0.171283,0.183549,0.183549,5784004926.00
1/15/2022,0.183644,0.1936,0.182676,0.185103,0.185103,1878282290.00
1/16/2022,0.185093,0.185093,0.175327,0.177176,0.177176,1102750171.00
1/17/2022,0.177187,0.177872,0.166891,0.171145,0.171145,1094379303.00
1/18/2022,0.171086,0.17379,0.162565,0.165485,0.165485,979693368.00
1/19/2022,0.165485,0.168647,0.160122,0.162356,0.162356,935006164.00
1/20/2022,0.162346,0.168846,0.155176,0.155204,0.155204,469269658.00
1/21/2022,0.155263,0.157156,0.141496,0.14264,0.14264,1163061854.00
1/22/2022,0.142651,0.145027,0.122816,0.132892,0.132892,1693524581.00
1/23/2022,0.13296,0.143072,0.132819,0.141863,0.141863,1006234946.00
1/24/2022,0.141881,0.141951,0.12722,0.137798,0.137798,1446873574.00
1/25/2022,0.137784,0.147236,0.133235,0.143049,0.143049,1347567750.00
1/26/2022,0.143014,0.152603,0.142152,0.143789,0.143789,1253108115.00
1/27/2022,0.143756,0.14501,0.136947,0.141247,0.141247,608707586.00
1/28/2022,0.141244,0.142413,0.13838,0.141656,0.141656,506667466.00
1/29/2022,0.141649,0.143984,0.14148,0.143056,0.143056,397610776.00
1/30/2022,0.143057,0.143515,0.138754,0.139471,0.139471,363976741.00
1/31/2022,0.139469,0.142264,0.136853,0.141805,0.141805,412307174.00
2/1/2022,0.141805,0.144129,0.141125,0.142631,0.142631,409432267.00
2/2/2022,0.142626,0.145253,0.136918,0.137235,0.137235,483194691.00
2/3/2022,0.137213,0.138747,0.135565,0.137541,0.137541,383506507.00
2/4/2022,0.137523,0.147592,0.13725,0.147503,0.147503,580740990.00
2/5/2022,0.147533,0.15014,0.14541,0.147141,0.147141,587009429.00
2/6/2022,0.14714,0.154775,0.145258,0.15377,0.15377,757004142.00
2/7/2022,0.153803,0.171586,0.151741,0.165578,0.165578,1791358822.00
2/8/2022,0.165606,0.169145,0.153709,0.158405,0.158405,1190116000.00
2/9/2022,0.158357,0.160704,0.155035,0.159123,0.159123,778670798.00
2/10/2022,0.159145,0.160437,0.151497,0.151889,0.151889,1053630584.00
2/11/2022,0.151895,0.154069,0.143349,0.144847,0.144847,776730555.00
2/12/2022,0.144856,0.147013,0.141678,0.144405,0.144405,602699408.00
2/13/2022,0.144379,0.157354,0.144031,0.148948,0.148948,1581065491.00
2/14/2022,0.148869,0.150132,0.143649,0.146003,0.146003,898042727.00
2/15/2022,0.145996,0.152199,0.145203,0.151761,0.151761,674961496.00
2/16/2022,0.151779,0.151824,0.146771,0.149095,0.149095,505588732.00
2/17/2022,0.14905,0.149889,0.138071,0.138552,0.138552,721382126.00
2/18/2022,0.138594,0.142097,0.13696,0.138768,0.138768,563817289.00
2/19/2022,0.138764,0.145906,0.138751,0.141206,0.141206,655782652.00
2/20/2022,0.141197,0.141197,0.135852,0.136868,0.136868,490138547.00
2/21/2022,0.136838,0.141345,0.128246,0.12849,0.12849,913773124.00
2/22/2022,0.128488,0.131696,0.125365,0.131553,0.131553,711967119.00
2/23/2022,0.131561,0.135337,0.127846,0.127846,0.127846,587472906.00
2/24/2022,0.127821,0.127851,0.109555,0.123813,0.123813,2046477370.00
2/25/2022,0.123843,0.128181,0.120983,0.127576,0.127576,805161073.00
2/26/2022,0.127568,0.130071,0.126199,0.127647,0.127647,535575654.00
2/27/2022,0.127639,0.128235,0.122053,0.123111,0.123111,592809151.00
2/28/2022,0.123118,0.134479,0.121954,0.133156,0.133156,765755924.00
3/1/2022,0.133174,0.13773,0.130462,0.133938,0.133938,876604512.00
3/2/2022,0.133964,0.136214,0.131232,0.13299,0.13299,709536320.00
3/3/2022,0.132998,0.133649,0.12781,0.12961,0.12961,518193386.00
3/4/2022,0.129631,0.129856,0.121544,0.122591,0.122591,650665594.00
3/5/2022,0.122614,0.125375,0.121572,0.124996,0.124996,334091552.00
3/6/2022,0.125025,0.125611,0.120384,0.120766,0.120766,400458464.00
3/7/2022,0.120769,0.122563,0.115015,0.117105,0.117105,513014829.00
3/8/2022,0.117106,0.119724,0.115838,0.117029,0.117029,491414294.00
3/9/2022,0.117047,0.123734,0.116766,0.121588,0.121588,519157507.00
3/10/2022,0.121572,0.121612,0.115532,0.116885,0.116885,513641345.00
3/11/2022,0.116893,0.118293,0.11457,0.115602,0.115602,388727358.00
3/12/2022,0.115608,0.117239,0.115132,0.115136,0.115136,235277001.00
3/13/2022,0.11508,0.116231,0.110686,0.111608,0.111608,373430106.00
3/14/2022,0.111607,0.118967,0.110817,0.114048,0.114048,822092169.00
3/15/2022,0.114043,0.114213,0.110937,0.112784,0.112784,400614617.00
3/16/2022,0.112779,0.116908,0.112364,0.116908,0.116908,537170937.00
3/17/2022,0.116907,0.11871,0.116281,0.116502,0.116502,412838814.00
3/18/2022,0.11649,0.119375,0.114568,0.119306,0.119306,410862503.00
3/19/2022,0.119278,0.124573,0.11853,0.123569,0.123569,628081786.00
3/20/2022,0.123579,0.123919,0.117991,0.119154,0.119154,428111799.00
3/21/2022,0.119146,0.121332,0.118306,0.119339,0.119339,439486516.00
3/22/2022,0.119333,0.12535,0.119014,0.122481,0.122481,610507111.00
3/23/2022,0.122487,0.130713,0.121361,0.129727,0.129727,998922753.00
3/24/2022,0.129722,0.140605,0.128455,0.13655,0.13655,2017926806.00
3/25/2022,0.136603,0.137275,0.128782,0.131013,0.131013,882486375.00
3/26/2022,0.13101,0.136495,0.129878,0.135868,0.135868,610401998.00
3/27/2022,0.1359,0.144858,0.135703,0.144732,0.144732,1445019558.00
3/28/2022,0.144725,0.152737,0.142457,0.142657,0.142657,1476875507.00
3/29/2022,0.142557,0.148559,0.14129,0.14447,0.14447,961074557.00
3/30/2022,0.144456,0.144997,0.13988,0.14321,0.14321,884305263.00
3/31/2022,0.143184,0.14722,0.137172,0.137826,0.137826,1055136949.00
4/1/2022,0.137922,0.142394,0.133209,0.141315,0.141315,877530017.00
4/2/2022,0.14131,0.144069,0.138882,0.138913,0.138913,682408266.00
4/3/2022,0.138903,0.148558,0.137088,0.146453,0.146453,1047399132.00
4/4/2022,0.146413,0.155312,0.142008,0.148591,0.148591,2253509569.00
4/5/2022,0.148614,0.178045,0.147727,0.172907,0.172907,5230288678.00
4/6/2022,0.172485,0.173497,0.143291,0.143417,0.143417,3729047979.00
4/7/2022,0.143432,0.148028,0.141312,0.146102,0.146102,1420790611.00
4/8/2022,0.146106,0.152716,0.141608,0.142549,0.142549,1683800631.00
4/9/2022,0.142544,0.144462,0.141416,0.144303,0.144303,523997409.00
4/10/2022,0.144304,0.156972,0.143863,0.149535,0.149535,1931829669.00
4/11/2022,0.149374,0.151292,0.133818,0.134654,0.134654,1515679359.00
4/12/2022,0.134652,0.144122,0.134243,0.138076,0.138076,1214105682.00
4/13/2022,0.13807,0.142608,0.137067,0.14008,0.14008,890728707.00
4/14/2022,0.140053,0.146633,0.138101,0.14392,0.14392,1759067761.00
4/15/2022,0.143917,0.149287,0.142767,0.146026,0.146026,1140382087.00
4/16/2022,0.146017,0.147811,0.142093,0.143712,0.143712,584019179.00
4/17/2022,0.143693,0.144709,0.138995,0.139459,0.139459,636442285.00
4/18/2022,0.139471,0.140461,0.134384,0.140286,0.140286,909718484.00
4/19/2022,0.140297,0.144141,0.1395,0.142665,0.142665,679511647.00
4/20/2022,0.142677,0.146241,0.139595,0.140878,0.140878,1068542289.00
4/21/2022,0.140868,0.142448,0.135255,0.136365,0.136365,740549793.00
4/22/2022,0.136357,0.137908,0.134985,0.136395,0.136395,505251263.00
4/23/2022,0.136387,0.136495,0.13381,0.134241,0.134241,349740069.00
4/24/2022,0.134202,0.13469,0.131502,0.131947,0.131947,436620221.00
4/25/2022,0.131936,0.167735,0.123869,0.157959,0.157959,5177823685.00
4/26/2022,0.157777,0.165278,0.137424,0.137767,0.137767,4529010503.00
4/27/2022,0.137847,0.145405,0.136272,0.1397,0.1397,1765370972.00
4/28/2022,0.139691,0.142618,0.136058,0.137363,0.137363,1105137506.00
4/29/2022,0.137376,0.144643,0.134099,0.135027,0.135027,1555397213.00
4/30/2022,0.135033,0.136528,0.126239,0.127557,0.127557,916612071.00
5/1/2022,0.127589,0.134821,0.127533,0.132773,0.132773,991710768.00
5/2/2022,0.132794,0.133783,0.1283,0.130938,0.130938,769062732.00
5/3/2022,0.130935,0.131833,0.127399,0.12952,0.12952,555706527.00
5/4/2022,0.129514,0.135809,0.129313,0.135809,0.135809,838050627.00
5/5/2022,0.135813,0.137313,0.126697,0.12843,0.12843,1258066467.00
5/6/2022,0.128403,0.129305,0.124566,0.127901,0.127901,839005988.00
5/7/2022,0.12789,0.13192,0.125365,0.127532,0.127532,746383231.00
5/8/2022,0.127527,0.128017,0.123974,0.124207,0.124207,728953161.00
5/9/2022,0.1242,0.125136,0.104824,0.104824,0.104824,1353326367.00
5/10/2022,0.104708,0.117775,0.100881,0.108477,0.108477,1723066438.00
5/11/2022,0.108449,0.110565,0.080036,0.084581,0.084581,2556008051.00
5/12/2022,0.084636,0.089028,0.070037,0.082671,0.082671,2631064083.00
5/13/2022,0.082639,0.094254,0.082371,0.088331,0.088331,1444350618.00
5/14/2022,0.088341,0.091598,0.084483,0.089796,0.089796,902479951.00
5/15/2022,0.089785,0.092843,0.086876,0.092843,0.092843,651900826.00
5/16/2022,0.092867,0.093061,0.086428,0.087841,0.087841,606521740.00
5/17/2022,0.087836,0.091112,0.087484,0.090213,0.090213,560800173.00
5/18/2022,0.090221,0.090797,0.083649,0.083649,0.083649,558257804.00
5/19/2022,0.083635,0.087124,0.082087,0.086723,0.086723,613801947.00
5/20/2022,0.086719,0.08775,0.082859,0.083977,0.083977,518556378.00
5/21/2022,0.083972,0.08511,0.082932,0.084463,0.084463,335246011.00
5/22/2022,0.084448,0.08648,0.084058,0.086105,0.086105,375026021.00
5/23/2022,0.086084,0.08811,0.082858,0.083253,0.083253,507385171.00
5/24/2022,0.083267,0.084317,0.080811,0.083637,0.083637,462415724.00
5/25/2022,0.083628,0.084338,0.082319,0.082985,0.082985,419834752.00
5/26/2022,0.082994,0.0836,0.076065,0.078252,0.078252,711890873.00
5/27/2022,0.078211,0.085384,0.076582,0.081335,0.081335,1310057650.00
5/28/2022,0.082248,0.083048,0.081151,0.081839,0.081839,535539620.00
5/29/2022,0.081838,0.083034,0.080299,0.082686,0.082686,394962471.00
5/30/2022,0.082684,0.088275,0.082269,0.087871,0.087871,690696756.00
5/31/2022,0.087865,0.08823,0.083612,0.085865,0.085865,672444588.00
6/1/2022,0.085855,0.088647,0.079807,0.081056,0.081056,830748610.00
6/2/2022,0.081052,0.083007,0.080417,0.082772,0.082772,434510607.00
6/3/2022,0.082777,0.082857,0.079756,0.080442,0.080442,403339248.00
6/4/2022,0.080454,0.082337,0.079727,0.081777,0.081777,350329772.00
6/5/2022,0.081776,0.082138,0.080836,0.081229,0.081229,282624184.00
6/6/2022,0.081225,0.084559,0.081126,0.08253,0.08253,503707292.00
6/7/2022,0.08253,0.08253,0.078332,0.080513,0.080513,509642725.00
6/8/2022,0.080492,0.08142,0.079156,0.079439,0.079439,328046389.00
6/9/2022,0.079436,0.080898,0.079082,0.079336,0.079336,274673852.00
6/10/2022,0.079335,0.079521,0.074804,0.075454,0.075454,431520761.00
6/11/2022,0.075472,0.076399,0.068596,0.069895,0.069895,497184012.00
6/12/2022,0.069919,0.070345,0.063861,0.064336,0.064336,708156957.00
6/13/2022,0.064275,0.065702,0.053002,0.053921,0.053921,1465281537.00
6/14/2022,0.053941,0.058154,0.050267,0.055592,0.055592,908921329.00
6/15/2022,0.055577,0.063472,0.05067,0.063,0.063,1122284662.00
6/16/2022,0.062977,0.062977,0.054508,0.055029,0.055029,724479688.00
6/17/2022,0.055047,0.057911,0.054898,0.056995,0.056995,383830484.00
6/18/2022,0.056979,0.057755,0.04972,0.053012,0.053012,652345943.00
6/19/2022,0.053007,0.062472,0.051308,0.060396,0.060396,1166163984.00
6/20/2022,0.060399,0.061157,0.057707,0.060177,0.060177,499018791.00
6/21/2022,0.060175,0.069324,0.059315,0.065571,0.065571,1051899538.00
6/22/2022,0.065606,0.065751,0.061389,0.061711,0.061711,633619298.00
6/23/2022,0.061703,0.064615,0.061703,0.064032,0.064032,434169751.00
6/24/2022,0.064019,0.068162,0.064004,0.067124,0.067124,514729444.00
6/25/2022,0.06711,0.069112,0.065384,0.068503,0.068503,432671864.00
6/26/2022,0.068488,0.076966,0.067504,0.073177,0.073177,883689355.00
6/27/2022,0.073154,0.078389,0.071018,0.072239,0.072239,962250061.00
6/28/2022,0.072221,0.072951,0.065723,0.065957,0.065957,534793983.00
6/29/2022,0.065996,0.071335,0.064635,0.069468,0.069468,592828738.00
6/30/2022,0.069481,0.069513,0.062746,0.066086,0.066086,566648029.00
7/1/2022,0.066208,0.067862,0.064224,0.066175,0.066175,472441458.00
7/2/2022,0.066205,0.067692,0.065933,0.066698,0.066698,352589827.00
7/3/2022,0.066698,0.067356,0.065111,0.067179,0.067179,280878240.00
7/4/2022,0.067174,0.069605,0.065927,0.069472,0.069472,379581122.00
7/5/2022,0.069431,0.069841,0.065697,0.067155,0.067155,403220687.00
7/6/2022,0.067172,0.069058,0.066448,0.068583,0.068583,398926503.00
7/7/2022,0.068579,0.071124,0.068053,0.070621,0.070621,402591742.00
7/8/2022,0.070618,0.073009,0.068541,0.069257,0.069257,444369733.00
7/9/2022,0.069224,0.070009,0.068995,0.069512,0.069512,254272147.00
7/10/2022,0.069509,0.069509,0.066533,0.067263,0.067263,299810124.00
7/11/2022,0.067268,0.067268,0.061535,0.061847,0.061847,326125900.00
7/12/2022,0.061851,0.062861,0.060087,0.060087,0.060087,298462083.00
7/13/2022,0.060085,0.062011,0.058398,0.061953,0.061953,446505400.00
7/14/2022,0.061933,0.062632,0.059741,0.062394,0.062394,348090510.00
7/15/2022,0.0624,0.064259,0.061747,0.063042,0.063042,374357844.00
7/16/2022,0.063037,0.064725,0.06187,0.06428,0.06428,279644299.00
7/17/2022,0.064288,0.065394,0.063101,0.063107,0.063107,249697026.00
7/18/2022,0.063114,0.068674,0.063114,0.067715,0.067715,564795959.00
7/19/2022,0.06769,0.0699,0.065752,0.069013,0.069013,552211168.00
7/20/2022,0.069015,0.076574,0.067928,0.07012,0.07012,1019375521.00
7/21/2022,0.070124,0.070732,0.067237,0.06996,0.06996,492434239.00
7/22/2022,0.06997,0.07127,0.067003,0.067563,0.067563,479456105.00
7/23/2022,0.067531,0.069332,0.066277,0.068124,0.068124,427922351.00
7/24/2022,0.068116,0.068854,0.067589,0.067724,0.067724,369141492.00
7/25/2022,0.067716,0.06788,0.062306,0.062306,0.062306,448572441.00
7/26/2022,0.062319,0.062512,0.060425,0.062512,0.062512,416488015.00
7/27/2022,0.062514,0.067021,0.061886,0.067021,0.067021,499204589.00
7/28/2022,0.067031,0.070577,0.065591,0.069108,0.069108,650983024.00
7/29/2022,0.069104,0.072004,0.067549,0.068909,0.068909,696887711.00
7/30/2022,0.068905,0.07391,0.068186,0.069644,0.069644,760571682.00
7/31/2022,0.069642,0.072028,0.068054,0.068272,0.068272,521194035.00
8/1/2022,0.068266,0.070721,0.067187,0.068725,0.068725,444088167.00
8/2/2022,0.068708,0.068896,0.065809,0.066694,0.066694,336642237.00
8/3/2022,0.066692,0.06832,0.065516,0.066195,0.066195,286819387.00
8/4/2022,0.066197,0.067502,0.066007,0.067357,0.067357,256457805.00
8/5/2022,0.067333,0.070117,0.067256,0.069765,0.069765,336216727.00
8/6/2022,0.069766,0.070999,0.068586,0.068674,0.068674,277979112.00
8/7/2022,0.068669,0.069899,0.067747,0.06894,0.06894,204862521.00
8/8/2022,0.068946,0.072058,0.068923,0.070055,0.070055,399183407.00
8/9/2022,0.070061,0.073886,0.068462,0.069125,0.069125,611327142.00
8/10/2022,0.069119,0.071309,0.067389,0.071195,0.071195,431172729.00
8/11/2022,0.071205,0.074646,0.070727,0.07093,0.07093,563908591.00
8/12/2022,0.070931,0.07248,0.070027,0.072345,0.072345,320410367.00
8/13/2022,0.072344,0.07486,0.071951,0.07284,0.07284,446287445.00
8/14/2022,0.072856,0.084013,0.072754,0.081687,0.081687,1530403447.00
8/15/2022,0.081698,0.08182,0.075151,0.07672,0.07672,855017472.00
8/16/2022,0.076695,0.088639,0.076394,0.086964,0.086964,1947377918.00
8/17/2022,0.086933,0.088113,0.079927,0.080154,0.080154,996272861.00
8/18/2022,0.080174,0.082087,0.074989,0.075079,0.075079,621394159.00
8/19/2022,0.075045,0.075183,0.067536,0.067939,0.067939,965543533.00
8/20/2022,0.067897,0.070961,0.067897,0.06954,0.06954,537299425.00
8/21/2022,0.069529,0.070646,0.067847,0.069448,0.069448,421455865.00
8/22/2022,0.069441,0.069489,0.065606,0.068391,0.068391,453413439.00
8/23/2022,0.068395,0.069169,0.067213,0.06877,0.06877,335476543.00
8/24/2022,0.068771,0.069415,0.067298,0.06799,0.06799,345474347.00
8/25/2022,0.067991,0.071579,0.067957,0.069094,0.069094,469798193.00
8/26/2022,0.069082,0.069296,0.063254,0.063572,0.063572,620512451.00
8/27/2022,0.063571,0.064065,0.062607,0.063587,0.063587,380887727.00
8/28/2022,0.063558,0.064268,0.061786,0.061786,0.061786,295086067.00
8/29/2022,0.061753,0.063982,0.061246,0.063887,0.063887,315005254.00
8/30/2022,0.063899,0.064408,0.06055,0.061525,0.061525,328934727.00
8/31/2022,0.061534,0.063333,0.061058,0.06133,0.06133,309748693.00
9/1/2022,0.061336,0.062479,0.060194,0.062372,0.062372,328765413.00
9/2/2022,0.062372,0.062712,0.060947,0.061635,0.061635,273453013.00
9/3/2022,null,null,null,null,null,null
9/4/2022,0.062682,0.062744,0.062667,0.062696,0.062696,297513408.00
